code_region,region,departement,rang_vaccinal,date_debut_semaine,nb
84,ARA,01,1,2021-01-18,1694
84,ARA,01,1,2021-01-25,2014
84,ARA,01,2,2021-01-25,119
84,ARA,01,1,2021-02-01,2017
84,ARA,01,2,2021-02-01,1269
84,ARA,01,1,2021-02-08,2146
84,ARA,01,2,2021-02-08,1790
84,ARA,01,1,2021-02-15,2111
84,ARA,01,2,2021-02-15,1199
84,ARA,01,1,2021-02-22,2089
84,ARA,01,2,2021-02-22,2238
84,ARA,01,1,2021-03-01,2588
84,ARA,01,2,2021-03-01,1986
84,ARA,01,1,2021-03-08,3276
84,ARA,01,2,2021-03-08,2200
84,ARA,01,1,2021-03-15,5234
84,ARA,01,2,2021-03-15,1950
84,ARA,01,1,2021-03-22,6458
84,ARA,01,2,2021-03-22,1853
84,ARA,01,1,2021-03-29,6700
84,ARA,01,2,2021-03-29,2607
84,ARA,01,1,2021-04-05,9060
84,ARA,01,2,2021-04-05,3476
84,ARA,01,1,2021-04-12,4415
84,ARA,01,2,2021-04-12,6295
84,ARA,01,1,2021-04-19,1901
84,ARA,01,2,2021-04-19,6302
84,ARA,01,1,2021-04-26,1196
84,ARA,01,2,2021-04-26,6270
32,HDF,02,1,2021-01-18,3977
32,HDF,02,1,2021-01-25,1036
32,HDF,02,2,2021-01-25,350
32,HDF,02,1,2021-02-01,550
32,HDF,02,2,2021-02-01,1592
32,HDF,02,1,2021-02-08,1790
32,HDF,02,2,2021-02-08,2432
32,HDF,02,1,2021-02-15,2072
32,HDF,02,2,2021-02-15,2762
32,HDF,02,1,2021-02-22,2014
32,HDF,02,2,2021-02-22,915
32,HDF,02,1,2021-03-01,5832
32,HDF,02,2,2021-03-01,604
32,HDF,02,1,2021-03-08,5396
32,HDF,02,2,2021-03-08,1745
32,HDF,02,1,2021-03-15,6711
32,HDF,02,2,2021-03-15,1908
32,HDF,02,1,2021-03-22,6338
32,HDF,02,2,2021-03-22,2148
32,HDF,02,1,2021-03-29,5574
32,HDF,02,2,2021-03-29,5000
32,HDF,02,1,2021-04-05,3492
32,HDF,02,2,2021-04-05,5087
32,HDF,02,1,2021-04-12,1602
32,HDF,02,2,2021-04-12,6800
32,HDF,02,1,2021-04-19,895
32,HDF,02,2,2021-04-19,5118
32,HDF,02,1,2021-04-26,819
32,HDF,02,2,2021-04-26,4573
84,ARA,03,1,2021-01-18,4531
84,ARA,03,2,2021-01-18,3
84,ARA,03,1,2021-01-25,2675
84,ARA,03,2,2021-01-25,82
84,ARA,03,1,2021-02-01,2037
84,ARA,03,2,2021-02-01,624
84,ARA,03,1,2021-02-08,2218
84,ARA,03,2,2021-02-08,773
84,ARA,03,1,2021-02-15,1929
84,ARA,03,2,2021-02-15,4541
84,ARA,03,1,2021-02-22,2164
84,ARA,03,2,2021-02-22,3650
84,ARA,03,1,2021-03-01,3808
84,ARA,03,2,2021-03-01,2542
84,ARA,03,1,2021-03-08,3284
84,ARA,03,2,2021-03-08,2458
84,ARA,03,1,2021-03-15,4626
84,ARA,03,2,2021-03-15,1257
84,ARA,03,1,2021-03-22,5795
84,ARA,03,2,2021-03-22,1767
84,ARA,03,1,2021-03-29,4244
84,ARA,03,2,2021-03-29,3152
84,ARA,03,1,2021-04-05,3931
84,ARA,03,2,2021-04-05,2442
84,ARA,03,1,2021-04-12,862
84,ARA,03,2,2021-04-12,4945
84,ARA,03,1,2021-04-19,183
84,ARA,03,2,2021-04-19,5910
84,ARA,03,1,2021-04-26,181
84,ARA,03,2,2021-04-26,4268
93,PAC,04,1,2021-01-18,1795
93,PAC,04,2,2021-01-18,5
93,PAC,04,1,2021-01-25,1867
93,PAC,04,2,2021-01-25,32
93,PAC,04,1,2021-02-01,1681
93,PAC,04,2,2021-02-01,188
93,PAC,04,1,2021-02-08,1281
93,PAC,04,2,2021-02-08,655
93,PAC,04,1,2021-02-15,158
93,PAC,04,2,2021-02-15,1743
93,PAC,04,1,2021-02-22,74
93,PAC,04,2,2021-02-22,1972
93,PAC,04,1,2021-03-01,856
93,PAC,04,2,2021-03-01,1595
93,PAC,04,1,2021-03-08,1774
93,PAC,04,2,2021-03-08,1219
93,PAC,04,1,2021-03-15,1838
93,PAC,04,2,2021-03-15,80
93,PAC,04,1,2021-03-22,2661
93,PAC,04,2,2021-03-22,98
93,PAC,04,1,2021-03-29,4220
93,PAC,04,2,2021-03-29,325
93,PAC,04,1,2021-04-05,1940
93,PAC,04,2,2021-04-05,1810
93,PAC,04,1,2021-04-12,1831
93,PAC,04,2,2021-04-12,1699
93,PAC,04,1,2021-04-19,417
93,PAC,04,2,2021-04-19,2619
93,PAC,04,1,2021-04-26,43
93,PAC,04,2,2021-04-26,3766
93,PAC,05,1,2021-01-18,977
93,PAC,05,1,2021-01-25,1155
93,PAC,05,2,2021-01-25,55
93,PAC,05,1,2021-02-01,931
93,PAC,05,2,2021-02-01,244
93,PAC,05,1,2021-02-08,501
93,PAC,05,2,2021-02-08,676
93,PAC,05,1,2021-02-15,427
93,PAC,05,2,2021-02-15,760
93,PAC,05,1,2021-02-22,122
93,PAC,05,2,2021-02-22,1071
93,PAC,05,1,2021-03-01,1449
93,PAC,05,2,2021-03-01,862
93,PAC,05,1,2021-03-08,2190
93,PAC,05,2,2021-03-08,508
93,PAC,05,1,2021-03-15,1168
93,PAC,05,2,2021-03-15,442
93,PAC,05,1,2021-03-22,3010
93,PAC,05,2,2021-03-22,121
93,PAC,05,1,2021-03-29,3474
93,PAC,05,2,2021-03-29,998
93,PAC,05,1,2021-04-05,1091
93,PAC,05,2,2021-04-05,1712
93,PAC,05,1,2021-04-12,847
93,PAC,05,2,2021-04-12,1484
93,PAC,05,1,2021-04-19,139
93,PAC,05,2,2021-04-19,2994
93,PAC,05,1,2021-04-26,76
93,PAC,05,2,2021-04-26,3148
93,PAC,06,1,2021-01-18,12230
93,PAC,06,2,2021-01-18,10
93,PAC,06,1,2021-01-25,8649
93,PAC,06,2,2021-01-25,836
93,PAC,06,1,2021-02-01,3911
93,PAC,06,2,2021-02-01,2598
93,PAC,06,1,2021-02-08,935
93,PAC,06,2,2021-02-08,4926
93,PAC,06,1,2021-02-15,2664
93,PAC,06,2,2021-02-15,11454
93,PAC,06,1,2021-02-22,8989
93,PAC,06,2,2021-02-22,8185
93,PAC,06,1,2021-03-01,19969
93,PAC,06,2,2021-03-01,3897
93,PAC,06,1,2021-03-08,23713
93,PAC,06,2,2021-03-08,696
93,PAC,06,1,2021-03-15,14771
93,PAC,06,2,2021-03-15,2015
93,PAC,06,1,2021-03-22,13625
93,PAC,06,2,2021-03-22,6928
93,PAC,06,1,2021-03-29,11459
93,PAC,06,2,2021-03-29,9612
93,PAC,06,1,2021-04-05,5869
93,PAC,06,2,2021-04-05,9192
93,PAC,06,1,2021-04-12,2217
93,PAC,06,2,2021-04-12,9433
93,PAC,06,1,2021-04-19,543
93,PAC,06,2,2021-04-19,9051
93,PAC,06,1,2021-04-26,94
93,PAC,06,2,2021-04-26,9682
84,ARA,07,1,2021-01-18,678
84,ARA,07,2,2021-01-18,1
84,ARA,07,1,2021-01-25,761
84,ARA,07,2,2021-01-25,64
84,ARA,07,1,2021-02-01,1226
84,ARA,07,2,2021-02-01,364
84,ARA,07,1,2021-02-08,1443
84,ARA,07,2,2021-02-08,544
84,ARA,07,1,2021-02-15,1614
84,ARA,07,2,2021-02-15,641
84,ARA,07,1,2021-02-22,2102
84,ARA,07,2,2021-02-22,1128
84,ARA,07,1,2021-03-01,2280
84,ARA,07,2,2021-03-01,1486
84,ARA,07,1,2021-03-08,2856
84,ARA,07,2,2021-03-08,1473
84,ARA,07,1,2021-03-15,4285
84,ARA,07,2,2021-03-15,1476
84,ARA,07,1,2021-03-22,4499
84,ARA,07,2,2021-03-22,1973
84,ARA,07,1,2021-03-29,4759
84,ARA,07,2,2021-03-29,2008
84,ARA,07,1,2021-04-05,4036
84,ARA,07,2,2021-04-05,2552
84,ARA,07,1,2021-04-12,3328
84,ARA,07,2,2021-04-12,4062
84,ARA,07,1,2021-04-19,1996
84,ARA,07,2,2021-04-19,4293
84,ARA,07,1,2021-04-26,1306
84,ARA,07,2,2021-04-26,4300
44,GES,08,1,2021-01-18,1740
44,GES,08,2,2021-01-18,3
44,GES,08,1,2021-01-25,1566
44,GES,08,2,2021-01-25,62
44,GES,08,1,2021-02-01,971
44,GES,08,2,2021-02-01,559
44,GES,08,1,2021-02-08,1305
44,GES,08,2,2021-02-08,1093
44,GES,08,1,2021-02-15,700
44,GES,08,2,2021-02-15,1817
44,GES,08,1,2021-02-22,462
44,GES,08,2,2021-02-22,1952
44,GES,08,1,2021-03-01,2095
44,GES,08,2,2021-03-01,1109
44,GES,08,1,2021-03-08,2444
44,GES,08,2,2021-03-08,1072
44,GES,08,1,2021-03-15,3153
44,GES,08,2,2021-03-15,447
44,GES,08,1,2021-03-22,4185
44,GES,08,2,2021-03-22,321
44,GES,08,1,2021-03-29,3560
44,GES,08,2,2021-03-29,2174
44,GES,08,1,2021-04-05,2320
44,GES,08,2,2021-04-05,2264
44,GES,08,1,2021-04-12,536
44,GES,08,2,2021-04-12,3114
44,GES,08,1,2021-04-19,232
44,GES,08,2,2021-04-19,3995
44,GES,08,1,2021-04-26,1133
44,GES,08,2,2021-04-26,3240
76,OCC,09,1,2021-01-18,1825
76,OCC,09,1,2021-01-25,1226
76,OCC,09,2,2021-01-25,235
76,OCC,09,1,2021-02-01,416
76,OCC,09,2,2021-02-01,808
76,OCC,09,1,2021-02-08,217
76,OCC,09,2,2021-02-08,1260
76,OCC,09,1,2021-02-15,354
76,OCC,09,2,2021-02-15,1339
76,OCC,09,1,2021-02-22,665
76,OCC,09,2,2021-02-22,936
76,OCC,09,1,2021-03-01,1316
76,OCC,09,2,2021-03-01,361
76,OCC,09,1,2021-03-08,1826
76,OCC,09,2,2021-03-08,83
76,OCC,09,1,2021-03-15,2278
76,OCC,09,2,2021-03-15,282
76,OCC,09,1,2021-03-22,2840
76,OCC,09,2,2021-03-22,543
76,OCC,09,1,2021-03-29,3494
76,OCC,09,2,2021-03-29,1135
76,OCC,09,1,2021-04-05,3496
76,OCC,09,2,2021-04-05,1635
76,OCC,09,1,2021-04-12,2019
76,OCC,09,2,2021-04-12,2375
76,OCC,09,1,2021-04-19,387
76,OCC,09,2,2021-04-19,3149
76,OCC,09,1,2021-04-26,68
76,OCC,09,2,2021-04-26,3142
44,GES,10,1,2021-01-18,2598
44,GES,10,2,2021-01-18,4
44,GES,10,1,2021-01-25,1883
44,GES,10,2,2021-01-25,82
44,GES,10,1,2021-02-01,1437
44,GES,10,2,2021-02-01,649
44,GES,10,1,2021-02-08,1809
44,GES,10,2,2021-02-08,601
44,GES,10,1,2021-02-15,563
44,GES,10,2,2021-02-15,2248
44,GES,10,1,2021-02-22,313
44,GES,10,2,2021-02-22,1860
44,GES,10,1,2021-03-01,2469
44,GES,10,2,2021-03-01,1386
44,GES,10,1,2021-03-08,3842
44,GES,10,2,2021-03-08,1565
44,GES,10,1,2021-03-15,5515
44,GES,10,2,2021-03-15,132
44,GES,10,1,2021-03-22,5656
44,GES,10,2,2021-03-22,330
44,GES,10,1,2021-03-29,3770
44,GES,10,2,2021-03-29,2806
44,GES,10,1,2021-04-05,3714
44,GES,10,2,2021-04-05,3713
44,GES,10,1,2021-04-12,2011
44,GES,10,2,2021-04-12,5356
44,GES,10,1,2021-04-19,122
44,GES,10,2,2021-04-19,5438
44,GES,10,1,2021-04-26,174
44,GES,10,2,2021-04-26,5357
76,OCC,11,1,2021-01-18,1554
76,OCC,11,2,2021-01-18,6
76,OCC,11,1,2021-01-25,1845
76,OCC,11,2,2021-01-25,80
76,OCC,11,1,2021-02-01,2102
76,OCC,11,2,2021-02-01,652
76,OCC,11,1,2021-02-08,1772
76,OCC,11,2,2021-02-08,1177
76,OCC,11,1,2021-02-15,1354
76,OCC,11,2,2021-02-15,1471
76,OCC,11,1,2021-02-22,1417
76,OCC,11,2,2021-02-22,1937
76,OCC,11,1,2021-03-01,2084
76,OCC,11,2,2021-03-01,1922
76,OCC,11,1,2021-03-08,2230
76,OCC,11,2,2021-03-08,1829
76,OCC,11,1,2021-03-15,3824
76,OCC,11,2,2021-03-15,1146
76,OCC,11,1,2021-03-22,4352
76,OCC,11,2,2021-03-22,1457
76,OCC,11,1,2021-03-29,4493
76,OCC,11,2,2021-03-29,1655
76,OCC,11,1,2021-04-05,2990
76,OCC,11,2,2021-04-05,1915
76,OCC,11,1,2021-04-12,1784
76,OCC,11,2,2021-04-12,3897
76,OCC,11,1,2021-04-19,935
76,OCC,11,2,2021-04-19,4770
76,OCC,11,1,2021-04-26,927
76,OCC,11,2,2021-04-26,4411
76,OCC,12,1,2021-01-18,2851
76,OCC,12,1,2021-01-25,3166
76,OCC,12,2,2021-01-25,35
76,OCC,12,1,2021-02-01,2285
76,OCC,12,2,2021-02-01,565
76,OCC,12,1,2021-02-08,1803
76,OCC,12,2,2021-02-08,1285
76,OCC,12,1,2021-02-15,1088
76,OCC,12,2,2021-02-15,2412
76,OCC,12,1,2021-02-22,745
76,OCC,12,2,2021-02-22,3134
76,OCC,12,1,2021-03-01,881
76,OCC,12,2,2021-03-01,1850
76,OCC,12,1,2021-03-08,2342
76,OCC,12,2,2021-03-08,1652
76,OCC,12,1,2021-03-15,4619
76,OCC,12,2,2021-03-15,912
76,OCC,12,1,2021-03-22,5034
76,OCC,12,2,2021-03-22,855
76,OCC,12,1,2021-03-29,5856
76,OCC,12,2,2021-03-29,607
76,OCC,12,1,2021-04-05,4585
76,OCC,12,2,2021-04-05,2048
76,OCC,12,1,2021-04-12,3875
76,OCC,12,2,2021-04-12,4231
76,OCC,12,1,2021-04-19,1046
76,OCC,12,2,2021-04-19,5279
76,OCC,12,1,2021-04-26,268
76,OCC,12,2,2021-04-26,5618
93,PAC,13,1,2021-01-18,9330
93,PAC,13,2,2021-01-18,73
93,PAC,13,1,2021-01-25,10851
93,PAC,13,2,2021-01-25,355
93,PAC,13,1,2021-02-01,8633
93,PAC,13,2,2021-02-01,1621
93,PAC,13,1,2021-02-08,7403
93,PAC,13,2,2021-02-08,4873
93,PAC,13,1,2021-02-15,3794
93,PAC,13,2,2021-02-15,8175
93,PAC,13,1,2021-02-22,4402
93,PAC,13,2,2021-02-22,10042
93,PAC,13,1,2021-03-01,15066
93,PAC,13,2,2021-03-01,7745
93,PAC,13,1,2021-03-08,19089
93,PAC,13,2,2021-03-08,7843
93,PAC,13,1,2021-03-15,24455
93,PAC,13,2,2021-03-15,5173
93,PAC,13,1,2021-03-22,29930
93,PAC,13,2,2021-03-22,6346
93,PAC,13,1,2021-03-29,34169
93,PAC,13,2,2021-03-29,11588
93,PAC,13,1,2021-04-05,28025
93,PAC,13,2,2021-04-05,16329
93,PAC,13,1,2021-04-12,12770
93,PAC,13,2,2021-04-12,22998
93,PAC,13,1,2021-04-19,6635
93,PAC,13,2,2021-04-19,29841
93,PAC,13,1,2021-04-26,3192
93,PAC,13,2,2021-04-26,30491
28,NOR,14,1,2021-01-18,4877
28,NOR,14,2,2021-01-18,8
28,NOR,14,1,2021-01-25,4420
28,NOR,14,2,2021-01-25,221
28,NOR,14,1,2021-02-01,3931
28,NOR,14,2,2021-02-01,947
28,NOR,14,1,2021-02-08,3730
28,NOR,14,2,2021-02-08,2327
28,NOR,14,1,2021-02-15,1488
28,NOR,14,2,2021-02-15,4396
28,NOR,14,1,2021-02-22,1333
28,NOR,14,2,2021-02-22,4397
28,NOR,14,1,2021-03-01,3755
28,NOR,14,2,2021-03-01,3683
28,NOR,14,1,2021-03-08,4238
28,NOR,14,2,2021-03-08,2993
28,NOR,14,1,2021-03-15,6466
28,NOR,14,2,2021-03-15,642
28,NOR,14,1,2021-03-22,6444
28,NOR,14,2,2021-03-22,1038
28,NOR,14,1,2021-03-29,7007
28,NOR,14,2,2021-03-29,3633
28,NOR,14,1,2021-04-05,7978
28,NOR,14,2,2021-04-05,3879
28,NOR,14,1,2021-04-12,6136
28,NOR,14,2,2021-04-12,6069
28,NOR,14,1,2021-04-19,3413
28,NOR,14,2,2021-04-19,6532
28,NOR,14,1,2021-04-26,2725
28,NOR,14,2,2021-04-26,7163
84,ARA,15,1,2021-01-18,2290
84,ARA,15,1,2021-01-25,1918
84,ARA,15,2,2021-01-25,43
84,ARA,15,1,2021-02-01,1031
84,ARA,15,2,2021-02-01,644
84,ARA,15,1,2021-02-08,989
84,ARA,15,2,2021-02-08,610
84,ARA,15,1,2021-02-15,145
84,ARA,15,2,2021-02-15,2177
84,ARA,15,1,2021-02-22,105
84,ARA,15,2,2021-02-22,1858
84,ARA,15,1,2021-03-01,542
84,ARA,15,2,2021-03-01,923
84,ARA,15,1,2021-03-08,285
84,ARA,15,2,2021-03-08,693
84,ARA,15,1,2021-03-15,1641
84,ARA,15,2,2021-03-15,90
84,ARA,15,1,2021-03-22,2564
84,ARA,15,2,2021-03-22,76
84,ARA,15,1,2021-03-29,3609
84,ARA,15,2,2021-03-29,70
84,ARA,15,1,2021-04-05,2487
84,ARA,15,2,2021-04-05,214
84,ARA,15,1,2021-04-12,2100
84,ARA,15,2,2021-04-12,1655
84,ARA,15,1,2021-04-19,403
84,ARA,15,2,2021-04-19,2607
84,ARA,15,1,2021-04-26,143
84,ARA,15,2,2021-04-26,3489
75,NAQ,16,1,2021-01-18,3367
75,NAQ,16,1,2021-01-25,2824
75,NAQ,16,2,2021-01-25,109
75,NAQ,16,1,2021-02-01,1960
75,NAQ,16,2,2021-02-01,659
75,NAQ,16,1,2021-02-08,2301
75,NAQ,16,2,2021-02-08,1043
75,NAQ,16,1,2021-02-15,907
75,NAQ,16,2,2021-02-15,2701
75,NAQ,16,1,2021-02-22,436
75,NAQ,16,2,2021-02-22,2975
75,NAQ,16,1,2021-03-01,1621
75,NAQ,16,2,2021-03-01,2439
75,NAQ,16,1,2021-03-08,2249
75,NAQ,16,2,2021-03-08,2038
75,NAQ,16,1,2021-03-15,3567
75,NAQ,16,2,2021-03-15,916
75,NAQ,16,1,2021-03-22,4481
75,NAQ,16,2,2021-03-22,258
75,NAQ,16,1,2021-03-29,5355
75,NAQ,16,2,2021-03-29,1011
75,NAQ,16,1,2021-04-05,4957
75,NAQ,16,2,2021-04-05,1848
75,NAQ,16,1,2021-04-12,3006
75,NAQ,16,2,2021-04-12,3251
75,NAQ,16,1,2021-04-19,1230
75,NAQ,16,2,2021-04-19,4108
75,NAQ,16,1,2021-04-26,269
75,NAQ,16,2,2021-04-26,5175
75,NAQ,17,1,2021-01-18,6396
75,NAQ,17,2,2021-01-18,3
75,NAQ,17,1,2021-01-25,8061
75,NAQ,17,2,2021-01-25,137
75,NAQ,17,1,2021-02-01,3964
75,NAQ,17,2,2021-02-01,1744
75,NAQ,17,1,2021-02-08,3528
75,NAQ,17,2,2021-02-08,2469
75,NAQ,17,1,2021-02-15,3677
75,NAQ,17,2,2021-02-15,6821
75,NAQ,17,1,2021-02-22,4062
75,NAQ,17,2,2021-02-22,6655
75,NAQ,17,1,2021-03-01,5994
75,NAQ,17,2,2021-03-01,4016
75,NAQ,17,1,2021-03-08,5941
75,NAQ,17,2,2021-03-08,3111
75,NAQ,17,1,2021-03-15,6656
75,NAQ,17,2,2021-03-15,3472
75,NAQ,17,1,2021-03-22,13052
75,NAQ,17,2,2021-03-22,3532
75,NAQ,17,1,2021-03-29,14129
75,NAQ,17,2,2021-03-29,4985
75,NAQ,17,1,2021-04-05,7169
75,NAQ,17,2,2021-04-05,5085
75,NAQ,17,1,2021-04-12,2945
75,NAQ,17,2,2021-04-12,7467
75,NAQ,17,1,2021-04-19,638
75,NAQ,17,2,2021-04-19,14053
75,NAQ,17,1,2021-04-26,146
75,NAQ,17,2,2021-04-26,13001
24,CVL,18,1,2021-01-18,1507
24,CVL,18,2,2021-01-18,2
24,CVL,18,1,2021-01-25,1512
24,CVL,18,2,2021-01-25,11
24,CVL,18,1,2021-02-01,1711
24,CVL,18,2,2021-02-01,15
24,CVL,18,1,2021-02-08,1724
24,CVL,18,2,2021-02-08,370
24,CVL,18,1,2021-02-15,2042
24,CVL,18,2,2021-02-15,1445
24,CVL,18,1,2021-02-22,1580
24,CVL,18,2,2021-02-22,1732
24,CVL,18,1,2021-03-01,1354
24,CVL,18,2,2021-03-01,1779
24,CVL,18,1,2021-03-08,1615
24,CVL,18,2,2021-03-08,1812
24,CVL,18,1,2021-03-15,2493
24,CVL,18,2,2021-03-15,2037
24,CVL,18,1,2021-03-22,3245
24,CVL,18,2,2021-03-22,1527
24,CVL,18,1,2021-03-29,3355
24,CVL,18,2,2021-03-29,1254
24,CVL,18,1,2021-04-05,4203
24,CVL,18,2,2021-04-05,1642
24,CVL,18,1,2021-04-12,304
24,CVL,18,2,2021-04-12,2739
24,CVL,18,1,2021-04-19,65
24,CVL,18,2,2021-04-19,3537
24,CVL,18,1,2021-04-26,60
24,CVL,18,2,2021-04-26,2922
75,NAQ,19,1,2021-01-18,1240
75,NAQ,19,1,2021-01-25,1237
75,NAQ,19,2,2021-01-25,3
75,NAQ,19,1,2021-02-01,1305
75,NAQ,19,2,2021-02-01,83
75,NAQ,19,1,2021-02-08,1522
75,NAQ,19,2,2021-02-08,362
75,NAQ,19,1,2021-02-15,996
75,NAQ,19,2,2021-02-15,1318
75,NAQ,19,1,2021-02-22,1266
75,NAQ,19,2,2021-02-22,1107
75,NAQ,19,1,2021-03-01,1861
75,NAQ,19,2,2021-03-01,1261
75,NAQ,19,1,2021-03-08,3455
75,NAQ,19,2,2021-03-08,1194
75,NAQ,19,1,2021-03-15,3305
75,NAQ,19,2,2021-03-15,890
75,NAQ,19,1,2021-03-22,3179
75,NAQ,19,2,2021-03-22,1168
75,NAQ,19,1,2021-03-29,2494
75,NAQ,19,2,2021-03-29,1744
75,NAQ,19,1,2021-04-05,1470
75,NAQ,19,2,2021-04-05,3195
75,NAQ,19,1,2021-04-12,909
75,NAQ,19,2,2021-04-12,3210
75,NAQ,19,1,2021-04-19,486
75,NAQ,19,2,2021-04-19,3363
75,NAQ,19,1,2021-04-26,281
75,NAQ,19,2,2021-04-26,1932
27,BFC,21,1,2021-01-18,4113
27,BFC,21,2,2021-01-18,2
27,BFC,21,1,2021-01-25,4449
27,BFC,21,2,2021-01-25,1037
27,BFC,21,1,2021-02-01,2383
27,BFC,21,2,2021-02-01,1269
27,BFC,21,1,2021-02-08,2240
27,BFC,21,2,2021-02-08,1689
27,BFC,21,1,2021-02-15,260
27,BFC,21,2,2021-02-15,4082
27,BFC,21,1,2021-02-22,366
27,BFC,21,2,2021-02-22,3783
27,BFC,21,1,2021-03-01,3523
27,BFC,21,2,2021-03-01,2385
27,BFC,21,1,2021-03-08,4198
27,BFC,21,2,2021-03-08,1780
27,BFC,21,1,2021-03-15,6594
27,BFC,21,2,2021-03-15,141
27,BFC,21,1,2021-03-22,8533
27,BFC,21,2,2021-03-22,169
27,BFC,21,1,2021-03-29,7452
27,BFC,21,2,2021-03-29,2971
27,BFC,21,1,2021-04-05,4100
27,BFC,21,2,2021-04-05,4372
27,BFC,21,1,2021-04-12,2636
27,BFC,21,2,2021-04-12,7065
27,BFC,21,1,2021-04-19,1319
27,BFC,21,2,2021-04-19,9079
27,BFC,21,1,2021-04-26,1334
27,BFC,21,2,2021-04-26,6953
53,BRE,22,1,2021-01-18,1572
53,BRE,22,1,2021-01-25,3165
53,BRE,22,2,2021-01-25,18
53,BRE,22,1,2021-02-01,2948
53,BRE,22,2,2021-02-01,473
53,BRE,22,1,2021-02-08,2487
53,BRE,22,2,2021-02-08,381
53,BRE,22,1,2021-02-15,3759
53,BRE,22,2,2021-02-15,1994
53,BRE,22,1,2021-02-22,1925
53,BRE,22,2,2021-02-22,3929
53,BRE,22,1,2021-03-01,5225
53,BRE,22,2,2021-03-01,3835
53,BRE,22,1,2021-03-08,5889
53,BRE,22,2,2021-03-08,3396
53,BRE,22,1,2021-03-15,11258
53,BRE,22,2,2021-03-15,3256
53,BRE,22,1,2021-03-22,13201
53,BRE,22,2,2021-03-22,2125
53,BRE,22,1,2021-03-29,13350
53,BRE,22,2,2021-03-29,5367
53,BRE,22,1,2021-04-05,12344
53,BRE,22,2,2021-04-05,5432
53,BRE,22,1,2021-04-12,9118
53,BRE,22,2,2021-04-12,11405
53,BRE,22,1,2021-04-19,4591
53,BRE,22,2,2021-04-19,13283
53,BRE,22,1,2021-04-26,3012
53,BRE,22,2,2021-04-26,9529
75,NAQ,23,1,2021-01-18,1609
75,NAQ,23,1,2021-01-25,1203
75,NAQ,23,2,2021-01-25,273
75,NAQ,23,1,2021-02-01,334
75,NAQ,23,2,2021-02-01,699
75,NAQ,23,1,2021-02-08,166
75,NAQ,23,2,2021-02-08,1012
75,NAQ,23,1,2021-02-15,229
75,NAQ,23,2,2021-02-15,1243
75,NAQ,23,1,2021-02-22,630
75,NAQ,23,2,2021-02-22,710
75,NAQ,23,1,2021-03-01,722
75,NAQ,23,2,2021-03-01,422
75,NAQ,23,1,2021-03-08,1008
75,NAQ,23,2,2021-03-08,115
75,NAQ,23,1,2021-03-15,735
75,NAQ,23,2,2021-03-15,493
75,NAQ,23,1,2021-03-22,1003
75,NAQ,23,2,2021-03-22,629
75,NAQ,23,1,2021-03-29,1188
75,NAQ,23,2,2021-03-29,767
75,NAQ,23,1,2021-04-05,1109
75,NAQ,23,2,2021-04-05,909
75,NAQ,23,1,2021-04-12,289
75,NAQ,23,2,2021-04-12,1009
75,NAQ,23,1,2021-04-19,9
75,NAQ,23,2,2021-04-19,1132
75,NAQ,23,1,2021-04-26,1
75,NAQ,23,2,2021-04-26,715
75,NAQ,24,1,2021-01-18,1446
75,NAQ,24,1,2021-01-25,1901
75,NAQ,24,2,2021-01-25,3
75,NAQ,24,1,2021-02-01,1297
75,NAQ,24,2,2021-02-01,540
75,NAQ,24,1,2021-02-08,1766
75,NAQ,24,2,2021-02-08,557
75,NAQ,24,1,2021-02-15,1125
75,NAQ,24,2,2021-02-15,1357
75,NAQ,24,1,2021-02-22,1948
75,NAQ,24,2,2021-02-22,1829
75,NAQ,24,1,2021-03-01,2080
75,NAQ,24,2,2021-03-01,1411
75,NAQ,24,1,2021-03-08,3464
75,NAQ,24,2,2021-03-08,1335
75,NAQ,24,1,2021-03-15,4735
75,NAQ,24,2,2021-03-15,1148
75,NAQ,24,1,2021-03-22,6916
75,NAQ,24,2,2021-03-22,1694
75,NAQ,24,1,2021-03-29,8572
75,NAQ,24,2,2021-03-29,1628
75,NAQ,24,1,2021-04-05,4621
75,NAQ,24,2,2021-04-05,3069
75,NAQ,24,1,2021-04-12,2720
75,NAQ,24,2,2021-04-12,5083
75,NAQ,24,1,2021-04-19,1298
75,NAQ,24,2,2021-04-19,6771
75,NAQ,24,1,2021-04-26,1102
75,NAQ,24,2,2021-04-26,8638
27,BFC,25,1,2021-01-18,6036
27,BFC,25,2,2021-01-18,2
27,BFC,25,1,2021-01-25,5475
27,BFC,25,2,2021-01-25,295
27,BFC,25,1,2021-02-01,3833
27,BFC,25,2,2021-02-01,1271
27,BFC,25,1,2021-02-08,3867
27,BFC,25,2,2021-02-08,1226
27,BFC,25,1,2021-02-15,1230
27,BFC,25,2,2021-02-15,5837
27,BFC,25,1,2021-02-22,791
27,BFC,25,2,2021-02-22,4871
27,BFC,25,1,2021-03-01,2455
27,BFC,25,2,2021-03-01,3221
27,BFC,25,1,2021-03-08,2896
27,BFC,25,2,2021-03-08,3027
27,BFC,25,1,2021-03-15,5600
27,BFC,25,2,2021-03-15,480
27,BFC,25,1,2021-03-22,8179
27,BFC,25,2,2021-03-22,241
27,BFC,25,1,2021-03-29,6174
27,BFC,25,2,2021-03-29,1708
27,BFC,25,1,2021-04-05,4438
27,BFC,25,2,2021-04-05,2484
27,BFC,25,1,2021-04-12,1760
27,BFC,25,2,2021-04-12,5413
27,BFC,25,1,2021-04-19,970
27,BFC,25,2,2021-04-19,8026
27,BFC,25,1,2021-04-26,606
27,BFC,25,2,2021-04-26,5991
84,ARA,26,1,2021-01-18,3396
84,ARA,26,1,2021-01-25,4127
84,ARA,26,2,2021-01-25,61
84,ARA,26,1,2021-02-01,3498
84,ARA,26,2,2021-02-01,1022
84,ARA,26,1,2021-02-08,3505
84,ARA,26,2,2021-02-08,1536
84,ARA,26,1,2021-02-15,1320
84,ARA,26,2,2021-02-15,3153
84,ARA,26,1,2021-02-22,1176
84,ARA,26,2,2021-02-22,3454
84,ARA,26,1,2021-03-01,7248
84,ARA,26,2,2021-03-01,3284
84,ARA,26,1,2021-03-08,4158
84,ARA,26,2,2021-03-08,2734
84,ARA,26,1,2021-03-15,7005
84,ARA,26,2,2021-03-15,955
84,ARA,26,1,2021-03-22,9175
84,ARA,26,2,2021-03-22,880
84,ARA,26,1,2021-03-29,7191
84,ARA,26,2,2021-03-29,4799
84,ARA,26,1,2021-04-05,5375
84,ARA,26,2,2021-04-05,4011
84,ARA,26,1,2021-04-12,2243
84,ARA,26,2,2021-04-12,7220
84,ARA,26,1,2021-04-19,349
84,ARA,26,2,2021-04-19,8587
84,ARA,26,1,2021-04-26,310
84,ARA,26,2,2021-04-26,6339
28,NOR,27,1,2021-01-18,3675
28,NOR,27,2,2021-01-18,11
28,NOR,27,1,2021-01-25,2870
28,NOR,27,2,2021-01-25,371
28,NOR,27,1,2021-02-01,1558
28,NOR,27,2,2021-02-01,1320
28,NOR,27,1,2021-02-08,1487
28,NOR,27,2,2021-02-08,1883
28,NOR,27,1,2021-02-15,1561
28,NOR,27,2,2021-02-15,3620
28,NOR,27,1,2021-02-22,2803
28,NOR,27,2,2021-02-22,2579
28,NOR,27,1,2021-03-01,4391
28,NOR,27,2,2021-03-01,1494
28,NOR,27,1,2021-03-08,8757
28,NOR,27,2,2021-03-08,1084
28,NOR,27,1,2021-03-15,8021
28,NOR,27,2,2021-03-15,952
28,NOR,27,1,2021-03-22,7505
28,NOR,27,2,2021-03-22,2316
28,NOR,27,1,2021-03-29,5595
28,NOR,27,2,2021-03-29,5034
28,NOR,27,1,2021-04-05,2078
28,NOR,27,2,2021-04-05,7941
28,NOR,27,1,2021-04-12,980
28,NOR,27,2,2021-04-12,7635
28,NOR,27,1,2021-04-19,1171
28,NOR,27,2,2021-04-19,7619
28,NOR,27,1,2021-04-26,621
28,NOR,27,2,2021-04-26,5966
24,CVL,28,1,2021-01-18,2667
24,CVL,28,2,2021-01-18,1
24,CVL,28,1,2021-01-25,2506
24,CVL,28,2,2021-01-25,157
24,CVL,28,1,2021-02-01,1955
24,CVL,28,2,2021-02-01,828
24,CVL,28,1,2021-02-08,1870
24,CVL,28,2,2021-02-08,1400
24,CVL,28,1,2021-02-15,1610
24,CVL,28,2,2021-02-15,2516
24,CVL,28,1,2021-02-22,1398
24,CVL,28,2,2021-02-22,2069
24,CVL,28,1,2021-03-01,2773
24,CVL,28,2,2021-03-01,1345
24,CVL,28,1,2021-03-08,3650
24,CVL,28,2,2021-03-08,1662
24,CVL,28,1,2021-03-15,3549
24,CVL,28,2,2021-03-15,1099
24,CVL,28,1,2021-03-22,3718
24,CVL,28,2,2021-03-22,1292
24,CVL,28,1,2021-03-29,5139
24,CVL,28,2,2021-03-29,2675
24,CVL,28,1,2021-04-05,4073
24,CVL,28,2,2021-04-05,2507
24,CVL,28,1,2021-04-12,2577
24,CVL,28,2,2021-04-12,3318
24,CVL,28,1,2021-04-19,83
24,CVL,28,2,2021-04-19,3925
24,CVL,28,1,2021-04-26,15
24,CVL,28,2,2021-04-26,4621
53,BRE,29,1,2021-01-18,2813
53,BRE,29,2,2021-01-18,1
53,BRE,29,1,2021-01-25,3186
53,BRE,29,2,2021-01-25,328
53,BRE,29,1,2021-02-01,2983
53,BRE,29,2,2021-02-01,1643
53,BRE,29,1,2021-02-08,3365
53,BRE,29,2,2021-02-08,1522
53,BRE,29,1,2021-02-15,3244
53,BRE,29,2,2021-02-15,3578
53,BRE,29,1,2021-02-22,5005
53,BRE,29,2,2021-02-22,3840
53,BRE,29,1,2021-03-01,6769
53,BRE,29,2,2021-03-01,3576
53,BRE,29,1,2021-03-08,7716
53,BRE,29,2,2021-03-08,3806
53,BRE,29,1,2021-03-15,8894
53,BRE,29,2,2021-03-15,2702
53,BRE,29,1,2021-03-22,10301
53,BRE,29,2,2021-03-22,3502
53,BRE,29,1,2021-03-29,12482
53,BRE,29,2,2021-03-29,5447
53,BRE,29,1,2021-04-05,10308
53,BRE,29,2,2021-04-05,5880
53,BRE,29,1,2021-04-12,4228
53,BRE,29,2,2021-04-12,7705
53,BRE,29,1,2021-04-19,3028
53,BRE,29,2,2021-04-19,10231
53,BRE,29,1,2021-04-26,1736
53,BRE,29,2,2021-04-26,12552
94,COR,2A,1,2021-01-18,1364
94,COR,2A,2,2021-01-18,2
94,COR,2A,1,2021-01-25,1575
94,COR,2A,2,2021-01-25,66
94,COR,2A,1,2021-02-01,1371
94,COR,2A,2,2021-02-01,319
94,COR,2A,1,2021-02-08,1056
94,COR,2A,2,2021-02-08,944
94,COR,2A,1,2021-02-15,1135
94,COR,2A,2,2021-02-15,1189
94,COR,2A,1,2021-02-22,444
94,COR,2A,2,2021-02-22,1409
94,COR,2A,1,2021-03-01,1603
94,COR,2A,2,2021-03-01,1273
94,COR,2A,1,2021-03-08,1854
94,COR,2A,2,2021-03-08,1015
94,COR,2A,1,2021-03-15,1995
94,COR,2A,2,2021-03-15,1185
94,COR,2A,1,2021-03-22,2031
94,COR,2A,2,2021-03-22,495
94,COR,2A,1,2021-03-29,1109
94,COR,2A,2,2021-03-29,2146
94,COR,2A,1,2021-04-05,920
94,COR,2A,2,2021-04-05,1889
94,COR,2A,1,2021-04-12,403
94,COR,2A,2,2021-04-12,1996
94,COR,2A,1,2021-04-19,199
94,COR,2A,2,2021-04-19,1751
94,COR,2A,1,2021-04-26,146
94,COR,2A,2,2021-04-26,1049
94,COR,2B,1,2021-01-18,2786
94,COR,2B,2,2021-01-18,6
94,COR,2B,1,2021-01-25,2405
94,COR,2B,2,2021-01-25,428
94,COR,2B,1,2021-02-01,2675
94,COR,2B,2,2021-02-01,848
94,COR,2B,1,2021-02-08,2265
94,COR,2B,2,2021-02-08,1757
94,COR,2B,1,2021-02-15,1069
94,COR,2B,2,2021-02-15,2367
94,COR,2B,1,2021-02-22,2364
94,COR,2B,2,2021-02-22,1757
94,COR,2B,1,2021-03-01,2474
94,COR,2B,2,2021-03-01,2429
94,COR,2B,1,2021-03-08,3022
94,COR,2B,2,2021-03-08,2220
94,COR,2B,1,2021-03-15,3686
94,COR,2B,2,2021-03-15,2113
94,COR,2B,1,2021-03-22,4902
94,COR,2B,2,2021-03-22,1536
94,COR,2B,1,2021-03-29,4701
94,COR,2B,2,2021-03-29,2306
94,COR,2B,1,2021-04-05,1984
94,COR,2B,2,2021-04-05,2716
94,COR,2B,1,2021-04-12,1206
94,COR,2B,2,2021-04-12,3802
94,COR,2B,1,2021-04-19,568
94,COR,2B,2,2021-04-19,4883
94,COR,2B,1,2021-04-26,58
94,COR,2B,2,2021-04-26,4649
76,OCC,30,1,2021-01-18,3347
76,OCC,30,2,2021-01-18,1
76,OCC,30,1,2021-01-25,3697
76,OCC,30,2,2021-01-25,922
76,OCC,30,1,2021-02-01,2823
76,OCC,30,2,2021-02-01,2024
76,OCC,30,1,2021-02-08,2965
76,OCC,30,2,2021-02-08,2561
76,OCC,30,1,2021-02-15,2804
76,OCC,30,2,2021-02-15,2627
76,OCC,30,1,2021-02-22,3635
76,OCC,30,2,2021-02-22,2773
76,OCC,30,1,2021-03-01,10730
76,OCC,30,2,2021-03-01,2615
76,OCC,30,1,2021-03-08,7895
76,OCC,30,2,2021-03-08,2725
76,OCC,30,1,2021-03-15,7814
76,OCC,30,2,2021-03-15,2434
76,OCC,30,1,2021-03-22,12714
76,OCC,30,2,2021-03-22,3330
76,OCC,30,1,2021-03-29,10705
76,OCC,30,2,2021-03-29,8022
76,OCC,30,1,2021-04-05,10973
76,OCC,30,2,2021-04-05,7182
76,OCC,30,1,2021-04-12,8582
76,OCC,30,2,2021-04-12,8024
76,OCC,30,1,2021-04-19,2252
76,OCC,30,2,2021-04-19,12520
76,OCC,30,1,2021-04-26,1437
76,OCC,30,2,2021-04-26,10110
76,OCC,31,1,2021-01-18,7267
76,OCC,31,2,2021-01-18,12
76,OCC,31,1,2021-01-25,6738
76,OCC,31,2,2021-01-25,1090
76,OCC,31,1,2021-02-01,5738
76,OCC,31,2,2021-02-01,2223
76,OCC,31,1,2021-02-08,6105
76,OCC,31,2,2021-02-08,2752
76,OCC,31,1,2021-02-15,2015
76,OCC,31,2,2021-02-15,7169
76,OCC,31,1,2021-02-22,2499
76,OCC,31,2,2021-02-22,6394
76,OCC,31,1,2021-03-01,7337
76,OCC,31,2,2021-03-01,5341
76,OCC,31,1,2021-03-08,5229
76,OCC,31,2,2021-03-08,5190
76,OCC,31,1,2021-03-15,9247
76,OCC,31,2,2021-03-15,1745
76,OCC,31,1,2021-03-22,12200
76,OCC,31,2,2021-03-22,1408
76,OCC,31,1,2021-03-29,19444
76,OCC,31,2,2021-03-29,1300
76,OCC,31,1,2021-04-05,11658
76,OCC,31,2,2021-04-05,3910
76,OCC,31,1,2021-04-12,6619
76,OCC,31,2,2021-04-12,9112
76,OCC,31,1,2021-04-19,1462
76,OCC,31,2,2021-04-19,14405
76,OCC,31,1,2021-04-26,784
76,OCC,31,2,2021-04-26,18227
76,OCC,32,1,2021-01-18,989
76,OCC,32,1,2021-01-25,1674
76,OCC,32,2,2021-01-25,20
76,OCC,32,1,2021-02-01,1390
76,OCC,32,2,2021-02-01,154
76,OCC,32,1,2021-02-08,1541
76,OCC,32,2,2021-02-08,134
76,OCC,32,1,2021-02-15,836
76,OCC,32,2,2021-02-15,901
76,OCC,32,1,2021-02-22,1403
76,OCC,32,2,2021-02-22,1645
76,OCC,32,1,2021-03-01,1064
76,OCC,32,2,2021-03-01,1375
76,OCC,32,1,2021-03-08,1500
76,OCC,32,2,2021-03-08,1478
76,OCC,32,1,2021-03-15,861
76,OCC,32,2,2021-03-15,787
76,OCC,32,1,2021-03-22,807
76,OCC,32,2,2021-03-22,1387
76,OCC,32,1,2021-03-29,1557
76,OCC,32,2,2021-03-29,810
76,OCC,32,1,2021-04-05,4584
76,OCC,32,2,2021-04-05,877
76,OCC,32,1,2021-04-12,1107
76,OCC,32,2,2021-04-12,858
76,OCC,32,1,2021-04-19,3
76,OCC,32,2,2021-04-19,795
76,OCC,32,1,2021-04-26,2
76,OCC,32,2,2021-04-26,1548
75,NAQ,33,1,2021-01-18,8485
75,NAQ,33,2,2021-01-18,43
75,NAQ,33,1,2021-01-25,9063
75,NAQ,33,2,2021-01-25,901
75,NAQ,33,1,2021-02-01,6574
75,NAQ,33,2,2021-02-01,2462
75,NAQ,33,1,2021-02-08,4977
75,NAQ,33,2,2021-02-08,3480
75,NAQ,33,1,2021-02-15,2706
75,NAQ,33,2,2021-02-15,7489
75,NAQ,33,1,2021-02-22,2522
75,NAQ,33,2,2021-02-22,8230
75,NAQ,33,1,2021-03-01,4906
75,NAQ,33,2,2021-03-01,7240
75,NAQ,33,1,2021-03-08,11075
75,NAQ,33,2,2021-03-08,4617
75,NAQ,33,1,2021-03-15,16540
75,NAQ,33,2,2021-03-15,1580
75,NAQ,33,1,2021-03-22,18941
75,NAQ,33,2,2021-03-22,1192
75,NAQ,33,1,2021-03-29,24230
75,NAQ,33,2,2021-03-29,4200
75,NAQ,33,1,2021-04-05,15779
75,NAQ,33,2,2021-04-05,9683
75,NAQ,33,1,2021-04-12,6673
75,NAQ,33,2,2021-04-12,16086
75,NAQ,33,1,2021-04-19,4286
75,NAQ,33,2,2021-04-19,17368
75,NAQ,33,1,2021-04-26,2132
75,NAQ,33,2,2021-04-26,18063
76,OCC,34,1,2021-01-18,5408
76,OCC,34,2,2021-01-18,8
76,OCC,34,1,2021-01-25,5949
76,OCC,34,2,2021-01-25,15
76,OCC,34,1,2021-02-01,5854
76,OCC,34,2,2021-02-01,767
76,OCC,34,1,2021-02-08,5248
76,OCC,34,2,2021-02-08,1696
76,OCC,34,1,2021-02-15,3070
76,OCC,34,2,2021-02-15,5867
76,OCC,34,1,2021-02-22,2406
76,OCC,34,2,2021-02-22,6129
76,OCC,34,1,2021-03-01,6471
76,OCC,34,2,2021-03-01,5643
76,OCC,34,1,2021-03-08,12393
76,OCC,34,2,2021-03-08,5063
76,OCC,34,1,2021-03-15,17070
76,OCC,34,2,2021-03-15,2161
76,OCC,34,1,2021-03-22,16265
76,OCC,34,2,2021-03-22,2069
76,OCC,34,1,2021-03-29,13927
76,OCC,34,2,2021-03-29,4198
76,OCC,34,1,2021-04-05,8119
76,OCC,34,2,2021-04-05,10973
76,OCC,34,1,2021-04-12,278
76,OCC,34,2,2021-04-12,16916
76,OCC,34,1,2021-04-19,73
76,OCC,34,2,2021-04-19,16490
76,OCC,34,1,2021-04-26,157
76,OCC,34,2,2021-04-26,13633
53,BRE,35,1,2021-01-18,7941
53,BRE,35,2,2021-01-18,17
53,BRE,35,1,2021-01-25,4450
53,BRE,35,2,2021-01-25,922
53,BRE,35,1,2021-02-01,3823
53,BRE,35,2,2021-02-01,2324
53,BRE,35,1,2021-02-08,2744
53,BRE,35,2,2021-02-08,3946
53,BRE,35,1,2021-02-15,3023
53,BRE,35,2,2021-02-15,5116
53,BRE,35,1,2021-02-22,5082
53,BRE,35,2,2021-02-22,3941
53,BRE,35,1,2021-03-01,5437
53,BRE,35,2,2021-03-01,3342
53,BRE,35,1,2021-03-08,7790
53,BRE,35,2,2021-03-08,2089
53,BRE,35,1,2021-03-15,9782
53,BRE,35,2,2021-03-15,1905
53,BRE,35,1,2021-03-22,8644
53,BRE,35,2,2021-03-22,3893
53,BRE,35,1,2021-03-29,10102
53,BRE,35,2,2021-03-29,5440
53,BRE,35,1,2021-04-05,10906
53,BRE,35,2,2021-04-05,6194
53,BRE,35,1,2021-04-12,7569
53,BRE,35,2,2021-04-12,9424
53,BRE,35,1,2021-04-19,3377
53,BRE,35,2,2021-04-19,10119
53,BRE,35,1,2021-04-26,1161
53,BRE,35,2,2021-04-26,9961
24,CVL,36,1,2021-01-18,2761
24,CVL,36,1,2021-01-25,2844
24,CVL,36,2,2021-01-25,80
24,CVL,36,1,2021-02-01,1614
24,CVL,36,2,2021-02-01,231
24,CVL,36,1,2021-02-08,1141
24,CVL,36,2,2021-02-08,835
24,CVL,36,1,2021-02-15,201
24,CVL,36,2,2021-02-15,2643
24,CVL,36,1,2021-02-22,392
24,CVL,36,2,2021-02-22,2657
24,CVL,36,1,2021-03-01,1896
24,CVL,36,2,2021-03-01,1505
24,CVL,36,1,2021-03-08,2378
24,CVL,36,2,2021-03-08,1108
24,CVL,36,1,2021-03-15,2723
24,CVL,36,2,2021-03-15,212
24,CVL,36,1,2021-03-22,3420
24,CVL,36,2,2021-03-22,331
24,CVL,36,1,2021-03-29,2680
24,CVL,36,2,2021-03-29,1216
24,CVL,36,1,2021-04-05,2411
24,CVL,36,2,2021-04-05,2035
24,CVL,36,1,2021-04-12,2231
24,CVL,36,2,2021-04-12,2670
24,CVL,36,1,2021-04-19,696
24,CVL,36,2,2021-04-19,3044
24,CVL,36,1,2021-04-26,426
24,CVL,36,2,2021-04-26,2467
24,CVL,37,1,2021-01-18,2772
24,CVL,37,2,2021-01-18,14
24,CVL,37,1,2021-01-25,2583
24,CVL,37,2,2021-01-25,396
24,CVL,37,1,2021-02-01,2315
24,CVL,37,2,2021-02-01,861
24,CVL,37,1,2021-02-08,2102
24,CVL,37,2,2021-02-08,1284
24,CVL,37,1,2021-02-15,2020
24,CVL,37,2,2021-02-15,2709
24,CVL,37,1,2021-02-22,1889
24,CVL,37,2,2021-02-22,2632
24,CVL,37,1,2021-03-01,3634
24,CVL,37,2,2021-03-01,2202
24,CVL,37,1,2021-03-08,3950
24,CVL,37,2,2021-03-08,2108
24,CVL,37,1,2021-03-15,4378
24,CVL,37,2,2021-03-15,1581
24,CVL,37,1,2021-03-22,6052
24,CVL,37,2,2021-03-22,1532
24,CVL,37,1,2021-03-29,7024
24,CVL,37,2,2021-03-29,2399
24,CVL,37,1,2021-04-05,4945
24,CVL,37,2,2021-04-05,3228
24,CVL,37,1,2021-04-12,2326
24,CVL,37,2,2021-04-12,4317
24,CVL,37,1,2021-04-19,691
24,CVL,37,2,2021-04-19,5934
24,CVL,37,1,2021-04-26,252
24,CVL,37,2,2021-04-26,6779
84,ARA,38,1,2021-01-18,4886
84,ARA,38,2,2021-01-18,6
84,ARA,38,1,2021-01-25,4021
84,ARA,38,2,2021-01-25,1035
84,ARA,38,1,2021-02-01,3513
84,ARA,38,2,2021-02-01,1926
84,ARA,38,1,2021-02-08,3538
84,ARA,38,2,2021-02-08,2968
84,ARA,38,1,2021-02-15,4229
84,ARA,38,2,2021-02-15,3584
84,ARA,38,1,2021-02-22,5716
84,ARA,38,2,2021-02-22,3607
84,ARA,38,1,2021-03-01,11006
84,ARA,38,2,2021-03-01,3447
84,ARA,38,1,2021-03-08,10105
84,ARA,38,2,2021-03-08,3791
84,ARA,38,1,2021-03-15,10537
84,ARA,38,2,2021-03-15,3769
84,ARA,38,1,2021-03-22,12368
84,ARA,38,2,2021-03-22,5297
84,ARA,38,1,2021-03-29,6997
84,ARA,38,2,2021-03-29,10030
84,ARA,38,1,2021-04-05,12168
84,ARA,38,2,2021-04-05,9458
84,ARA,38,1,2021-04-12,8372
84,ARA,38,2,2021-04-12,11153
84,ARA,38,1,2021-04-19,4159
84,ARA,38,2,2021-04-19,11204
84,ARA,38,1,2021-04-26,1705
84,ARA,38,2,2021-04-26,6568
27,BFC,39,1,2021-01-18,4268
27,BFC,39,2,2021-01-18,7
27,BFC,39,1,2021-01-25,3893
27,BFC,39,2,2021-01-25,640
27,BFC,39,1,2021-02-01,3086
27,BFC,39,2,2021-02-01,1606
27,BFC,39,1,2021-02-08,2080
27,BFC,39,2,2021-02-08,861
27,BFC,39,1,2021-02-15,288
27,BFC,39,2,2021-02-15,3596
27,BFC,39,1,2021-02-22,181
27,BFC,39,2,2021-02-22,4067
27,BFC,39,1,2021-03-01,2056
27,BFC,39,2,2021-03-01,3205
27,BFC,39,1,2021-03-08,2052
27,BFC,39,2,2021-03-08,2055
27,BFC,39,1,2021-03-15,2072
27,BFC,39,2,2021-03-15,218
27,BFC,39,1,2021-03-22,3147
27,BFC,39,2,2021-03-22,169
27,BFC,39,1,2021-03-29,2762
27,BFC,39,2,2021-03-29,1265
27,BFC,39,1,2021-04-05,3003
27,BFC,39,2,2021-04-05,1972
27,BFC,39,1,2021-04-12,1980
27,BFC,39,2,2021-04-12,2015
27,BFC,39,1,2021-04-19,1409
27,BFC,39,2,2021-04-19,3121
27,BFC,39,1,2021-04-26,1830
27,BFC,39,2,2021-04-26,2674
75,NAQ,40,1,2021-01-18,2743
75,NAQ,40,2,2021-01-18,15
75,NAQ,40,1,2021-01-25,2649
75,NAQ,40,2,2021-01-25,225
75,NAQ,40,1,2021-02-01,3614
75,NAQ,40,2,2021-02-01,675
75,NAQ,40,1,2021-02-08,3146
75,NAQ,40,2,2021-02-08,1113
75,NAQ,40,1,2021-02-15,445
75,NAQ,40,2,2021-02-15,2313
75,NAQ,40,1,2021-02-22,631
75,NAQ,40,2,2021-02-22,2368
75,NAQ,40,1,2021-03-01,1535
75,NAQ,40,2,2021-03-01,3373
75,NAQ,40,1,2021-03-08,2547
75,NAQ,40,2,2021-03-08,2615
75,NAQ,40,1,2021-03-15,5123
75,NAQ,40,2,2021-03-15,503
75,NAQ,40,1,2021-03-22,6619
75,NAQ,40,2,2021-03-22,710
75,NAQ,40,1,2021-03-29,5971
75,NAQ,40,2,2021-03-29,1252
75,NAQ,40,1,2021-04-05,5630
75,NAQ,40,2,2021-04-05,2003
75,NAQ,40,1,2021-04-12,4185
75,NAQ,40,2,2021-04-12,4838
75,NAQ,40,1,2021-04-19,565
75,NAQ,40,2,2021-04-19,5670
75,NAQ,40,1,2021-04-26,101
75,NAQ,40,2,2021-04-26,5434
24,CVL,41,1,2021-01-18,1541
24,CVL,41,2,2021-01-18,1
24,CVL,41,1,2021-01-25,1631
24,CVL,41,2,2021-01-25,2
24,CVL,41,1,2021-02-01,1525
24,CVL,41,2,2021-02-01,346
24,CVL,41,1,2021-02-08,1836
24,CVL,41,2,2021-02-08,353
24,CVL,41,1,2021-02-15,1568
24,CVL,41,2,2021-02-15,1398
24,CVL,41,1,2021-02-22,1474
24,CVL,41,2,2021-02-22,1522
24,CVL,41,1,2021-03-01,2846
24,CVL,41,2,2021-03-01,1499
24,CVL,41,1,2021-03-08,3486
24,CVL,41,2,2021-03-08,1675
24,CVL,41,1,2021-03-15,3608
24,CVL,41,2,2021-03-15,1339
24,CVL,41,1,2021-03-22,4210
24,CVL,41,2,2021-03-22,1477
24,CVL,41,1,2021-03-29,4082
24,CVL,41,2,2021-03-29,2002
24,CVL,41,1,2021-04-05,4986
24,CVL,41,2,2021-04-05,3340
24,CVL,41,1,2021-04-12,890
24,CVL,41,2,2021-04-12,3597
24,CVL,41,1,2021-04-19,700
24,CVL,41,2,2021-04-19,4294
24,CVL,41,1,2021-04-26,51
24,CVL,41,2,2021-04-26,3728
84,ARA,42,1,2021-01-18,8401
84,ARA,42,2,2021-01-18,10
84,ARA,42,1,2021-01-25,7667
84,ARA,42,2,2021-01-25,810
84,ARA,42,1,2021-02-01,4288
84,ARA,42,2,2021-02-01,3533
84,ARA,42,1,2021-02-08,4987
84,ARA,42,2,2021-02-08,4517
84,ARA,42,1,2021-02-15,2463
84,ARA,42,2,2021-02-15,7181
84,ARA,42,1,2021-02-22,3741
84,ARA,42,2,2021-02-22,6490
84,ARA,42,1,2021-03-01,7807
84,ARA,42,2,2021-03-01,3803
84,ARA,42,1,2021-03-08,8161
84,ARA,42,2,2021-03-08,2259
84,ARA,42,1,2021-03-15,9556
84,ARA,42,2,2021-03-15,2174
84,ARA,42,1,2021-03-22,11058
84,ARA,42,2,2021-03-22,3576
84,ARA,42,1,2021-03-29,10119
84,ARA,42,2,2021-03-29,5922
84,ARA,42,1,2021-04-05,7649
84,ARA,42,2,2021-04-05,6700
84,ARA,42,1,2021-04-12,5342
84,ARA,42,2,2021-04-12,9193
84,ARA,42,1,2021-04-19,5056
84,ARA,42,2,2021-04-19,10863
84,ARA,42,1,2021-04-26,4853
84,ARA,42,2,2021-04-26,10027
84,ARA,43,1,2021-01-18,1676
84,ARA,43,1,2021-01-25,2868
84,ARA,43,2,2021-01-25,63
84,ARA,43,1,2021-02-01,2482
84,ARA,43,2,2021-02-01,272
84,ARA,43,1,2021-02-08,2986
84,ARA,43,2,2021-02-08,736
84,ARA,43,1,2021-02-15,179
84,ARA,43,2,2021-02-15,1613
84,ARA,43,1,2021-02-22,85
84,ARA,43,2,2021-02-22,2811
84,ARA,43,1,2021-03-01,1290
84,ARA,43,2,2021-03-01,2489
84,ARA,43,1,2021-03-08,2372
84,ARA,43,2,2021-03-08,2229
84,ARA,43,1,2021-03-15,3450
84,ARA,43,2,2021-03-15,191
84,ARA,43,1,2021-03-22,5628
84,ARA,43,2,2021-03-22,119
84,ARA,43,1,2021-03-29,4610
84,ARA,43,2,2021-03-29,1170
84,ARA,43,1,2021-04-05,2418
84,ARA,43,2,2021-04-05,2191
84,ARA,43,1,2021-04-12,2367
84,ARA,43,2,2021-04-12,3382
84,ARA,43,1,2021-04-19,504
84,ARA,43,2,2021-04-19,6051
84,ARA,43,1,2021-04-26,156
84,ARA,43,2,2021-04-26,4482
52,PDL,44,1,2021-01-18,6216
52,PDL,44,2,2021-01-18,15
52,PDL,44,1,2021-01-25,4901
52,PDL,44,2,2021-01-25,1161
52,PDL,44,1,2021-02-01,4054
52,PDL,44,2,2021-02-01,3623
52,PDL,44,1,2021-02-08,3624
52,PDL,44,2,2021-02-08,2637
52,PDL,44,1,2021-02-15,3039
52,PDL,44,2,2021-02-15,5706
52,PDL,44,1,2021-02-22,3885
52,PDL,44,2,2021-02-22,4492
52,PDL,44,1,2021-03-01,7019
52,PDL,44,2,2021-03-01,3986
52,PDL,44,1,2021-03-08,7620
52,PDL,44,2,2021-03-08,3290
52,PDL,44,1,2021-03-15,9539
52,PDL,44,2,2021-03-15,1412
52,PDL,44,1,2021-03-22,10129
52,PDL,44,2,2021-03-22,2235
52,PDL,44,1,2021-03-29,12969
52,PDL,44,2,2021-03-29,4475
52,PDL,44,1,2021-04-05,14610
52,PDL,44,2,2021-04-05,6383
52,PDL,44,1,2021-04-12,10619
52,PDL,44,2,2021-04-12,9703
52,PDL,44,1,2021-04-19,5569
52,PDL,44,2,2021-04-19,11922
52,PDL,44,1,2021-04-26,3075
52,PDL,44,2,2021-04-26,13939
24,CVL,45,1,2021-01-18,3855
24,CVL,45,2,2021-01-18,16
24,CVL,45,1,2021-01-25,3195
24,CVL,45,2,2021-01-25,300
24,CVL,45,1,2021-02-01,2912
24,CVL,45,2,2021-02-01,928
24,CVL,45,1,2021-02-08,3293
24,CVL,45,2,2021-02-08,849
24,CVL,45,1,2021-02-15,3270
24,CVL,45,2,2021-02-15,3655
24,CVL,45,1,2021-02-22,2894
24,CVL,45,2,2021-02-22,3545
24,CVL,45,1,2021-03-01,3589
24,CVL,45,2,2021-03-01,2659
24,CVL,45,1,2021-03-08,3723
24,CVL,45,2,2021-03-08,3144
24,CVL,45,1,2021-03-15,4318
24,CVL,45,2,2021-03-15,3036
24,CVL,45,1,2021-03-22,7970
24,CVL,45,2,2021-03-22,2471
24,CVL,45,1,2021-03-29,8390
24,CVL,45,2,2021-03-29,2303
24,CVL,45,1,2021-04-05,4437
24,CVL,45,2,2021-04-05,2948
24,CVL,45,1,2021-04-12,571
24,CVL,45,2,2021-04-12,4329
24,CVL,45,1,2021-04-19,397
24,CVL,45,2,2021-04-19,7787
24,CVL,45,1,2021-04-26,64
24,CVL,45,2,2021-04-26,8031
76,OCC,46,1,2021-01-18,1116
76,OCC,46,1,2021-01-25,1177
76,OCC,46,2,2021-01-25,16
76,OCC,46,1,2021-02-01,983
76,OCC,46,2,2021-02-01,352
76,OCC,46,1,2021-02-08,1147
76,OCC,46,2,2021-02-08,594
76,OCC,46,1,2021-02-15,1030
76,OCC,46,2,2021-02-15,1047
76,OCC,46,1,2021-02-22,988
76,OCC,46,2,2021-02-22,1273
76,OCC,46,1,2021-03-01,2048
76,OCC,46,2,2021-03-01,1024
76,OCC,46,1,2021-03-08,2480
76,OCC,46,2,2021-03-08,1069
76,OCC,46,1,2021-03-15,2965
76,OCC,46,2,2021-03-15,836
76,OCC,46,1,2021-03-22,2610
76,OCC,46,2,2021-03-22,997
76,OCC,46,1,2021-03-29,2650
76,OCC,46,2,2021-03-29,1731
76,OCC,46,1,2021-04-05,2035
76,OCC,46,2,2021-04-05,2167
76,OCC,46,1,2021-04-12,2331
76,OCC,46,2,2021-04-12,3100
76,OCC,46,1,2021-04-19,2142
76,OCC,46,2,2021-04-19,2645
76,OCC,46,1,2021-04-26,1507
76,OCC,46,2,2021-04-26,2294
75,NAQ,47,1,2021-01-18,2329
75,NAQ,47,2,2021-01-18,1
75,NAQ,47,1,2021-01-25,2275
75,NAQ,47,2,2021-01-25,153
75,NAQ,47,1,2021-02-01,1674
75,NAQ,47,2,2021-02-01,674
75,NAQ,47,1,2021-02-08,1225
75,NAQ,47,2,2021-02-08,1276
75,NAQ,47,1,2021-02-15,716
75,NAQ,47,2,2021-02-15,1743
75,NAQ,47,1,2021-02-22,568
75,NAQ,47,2,2021-02-22,1855
75,NAQ,47,1,2021-03-01,1236
75,NAQ,47,2,2021-03-01,1647
75,NAQ,47,1,2021-03-08,2054
75,NAQ,47,2,2021-03-08,1247
75,NAQ,47,1,2021-03-15,4118
75,NAQ,47,2,2021-03-15,441
75,NAQ,47,1,2021-03-22,5095
75,NAQ,47,2,2021-03-22,500
75,NAQ,47,1,2021-03-29,6134
75,NAQ,47,2,2021-03-29,859
75,NAQ,47,1,2021-04-05,3887
75,NAQ,47,2,2021-04-05,1737
75,NAQ,47,1,2021-04-12,1284
75,NAQ,47,2,2021-04-12,3961
75,NAQ,47,1,2021-04-19,495
75,NAQ,47,2,2021-04-19,5147
75,NAQ,47,1,2021-04-26,262
75,NAQ,47,2,2021-04-26,6273
76,OCC,48,1,2021-01-18,820
76,OCC,48,1,2021-01-25,793
76,OCC,48,2,2021-01-25,20
76,OCC,48,1,2021-02-01,564
76,OCC,48,2,2021-02-01,102
76,OCC,48,1,2021-02-08,361
76,OCC,48,2,2021-02-08,252
76,OCC,48,1,2021-02-15,328
76,OCC,48,2,2021-02-15,529
76,OCC,48,1,2021-02-22,102
76,OCC,48,2,2021-02-22,721
76,OCC,48,1,2021-03-01,250
76,OCC,48,2,2021-03-01,533
76,OCC,48,1,2021-03-08,374
76,OCC,48,2,2021-03-08,357
76,OCC,48,1,2021-03-15,461
76,OCC,48,2,2021-03-15,326
76,OCC,48,1,2021-03-22,626
76,OCC,48,2,2021-03-22,249
76,OCC,48,1,2021-03-29,1073
76,OCC,48,2,2021-03-29,260
76,OCC,48,1,2021-04-05,724
76,OCC,48,2,2021-04-05,428
76,OCC,48,1,2021-04-12,475
76,OCC,48,2,2021-04-12,329
76,OCC,48,1,2021-04-19,419
76,OCC,48,2,2021-04-19,576
76,OCC,48,1,2021-04-26,252
76,OCC,48,2,2021-04-26,983
52,PDL,49,1,2021-01-18,3892
52,PDL,49,2,2021-01-18,11
52,PDL,49,1,2021-01-25,3692
52,PDL,49,2,2021-01-25,276
52,PDL,49,1,2021-02-01,3577
52,PDL,49,2,2021-02-01,1428
52,PDL,49,1,2021-02-08,2923
52,PDL,49,2,2021-02-08,2477
52,PDL,49,1,2021-02-15,2892
52,PDL,49,2,2021-02-15,2977
52,PDL,49,1,2021-02-22,2544
52,PDL,49,2,2021-02-22,3360
52,PDL,49,1,2021-03-01,3184
52,PDL,49,2,2021-03-01,3075
52,PDL,49,1,2021-03-08,4871
52,PDL,49,2,2021-03-08,2766
52,PDL,49,1,2021-03-15,8217
52,PDL,49,2,2021-03-15,2061
52,PDL,49,1,2021-03-22,9440
52,PDL,49,2,2021-03-22,2012
52,PDL,49,1,2021-03-29,9821
52,PDL,49,2,2021-03-29,3090
52,PDL,49,1,2021-04-05,6709
52,PDL,49,2,2021-04-05,4362
52,PDL,49,1,2021-04-12,3066
52,PDL,49,2,2021-04-12,8601
52,PDL,49,1,2021-04-19,1610
52,PDL,49,2,2021-04-19,9800
52,PDL,49,1,2021-04-26,539
52,PDL,49,2,2021-04-26,9950
28,NOR,50,1,2021-01-18,2985
28,NOR,50,1,2021-01-25,2933
28,NOR,50,2,2021-01-25,149
28,NOR,50,1,2021-02-01,2145
28,NOR,50,2,2021-02-01,922
28,NOR,50,1,2021-02-08,1697
28,NOR,50,2,2021-02-08,1922
28,NOR,50,1,2021-02-15,2112
28,NOR,50,2,2021-02-15,2422
28,NOR,50,1,2021-02-22,1966
28,NOR,50,2,2021-02-22,2715
28,NOR,50,1,2021-03-01,2809
28,NOR,50,2,2021-03-01,2171
28,NOR,50,1,2021-03-08,5727
28,NOR,50,2,2021-03-08,1449
28,NOR,50,1,2021-03-15,6220
28,NOR,50,2,2021-03-15,1815
28,NOR,50,1,2021-03-22,7631
28,NOR,50,2,2021-03-22,2040
28,NOR,50,1,2021-03-29,8289
28,NOR,50,2,2021-03-29,4074
28,NOR,50,1,2021-04-05,7161
28,NOR,50,2,2021-04-05,5749
28,NOR,50,1,2021-04-12,3990
28,NOR,50,2,2021-04-12,6963
28,NOR,50,1,2021-04-19,1650
28,NOR,50,2,2021-04-19,8482
28,NOR,50,1,2021-04-26,684
28,NOR,50,2,2021-04-26,8310
44,GES,51,1,2021-01-18,3577
44,GES,51,1,2021-01-25,3040
44,GES,51,2,2021-01-25,5
44,GES,51,1,2021-02-01,1921
44,GES,51,2,2021-02-01,97
44,GES,51,1,2021-02-08,149
44,GES,51,2,2021-02-08,1261
44,GES,51,1,2021-02-15,620
44,GES,51,2,2021-02-15,3402
44,GES,51,1,2021-02-22,620
44,GES,51,2,2021-02-22,3032
44,GES,51,1,2021-03-01,3338
44,GES,51,2,2021-03-01,1879
44,GES,51,1,2021-03-08,5952
44,GES,51,2,2021-03-08,53
44,GES,51,1,2021-03-15,4660
44,GES,51,2,2021-03-15,387
44,GES,51,1,2021-03-22,7022
44,GES,51,2,2021-03-22,509
44,GES,51,1,2021-03-29,4625
44,GES,51,2,2021-03-29,3109
44,GES,51,1,2021-04-05,3376
44,GES,51,2,2021-04-05,3532
44,GES,51,1,2021-04-12,1322
44,GES,51,2,2021-04-12,4937
44,GES,51,1,2021-04-19,601
44,GES,51,2,2021-04-19,7304
44,GES,51,1,2021-04-26,1076
44,GES,51,2,2021-04-26,4609
44,GES,52,1,2021-01-18,1779
44,GES,52,2,2021-01-18,1
44,GES,52,1,2021-01-25,948
44,GES,52,2,2021-01-25,127
44,GES,52,1,2021-02-01,178
44,GES,52,2,2021-02-01,1205
44,GES,52,1,2021-02-08,437
44,GES,52,2,2021-02-08,750
44,GES,52,1,2021-02-15,254
44,GES,52,2,2021-02-15,1418
44,GES,52,1,2021-02-22,281
44,GES,52,2,2021-02-22,818
44,GES,52,1,2021-03-01,954
44,GES,52,2,2021-03-01,114
44,GES,52,1,2021-03-08,1272
44,GES,52,2,2021-03-08,352
44,GES,52,1,2021-03-15,1239
44,GES,52,2,2021-03-15,45
44,GES,52,1,2021-03-22,1971
44,GES,52,2,2021-03-22,229
44,GES,52,1,2021-03-29,2396
44,GES,52,2,2021-03-29,600
44,GES,52,1,2021-04-05,1564
44,GES,52,2,2021-04-05,915
44,GES,52,1,2021-04-12,1113
44,GES,52,2,2021-04-12,1325
44,GES,52,1,2021-04-19,7
44,GES,52,2,2021-04-19,2301
44,GES,52,1,2021-04-26,9
44,GES,52,2,2021-04-26,2187
52,PDL,53,1,2021-01-18,2133
52,PDL,53,1,2021-01-25,2372
52,PDL,53,2,2021-01-25,181
52,PDL,53,1,2021-02-01,1149
52,PDL,53,2,2021-02-01,559
52,PDL,53,1,2021-02-08,912
52,PDL,53,2,2021-02-08,906
52,PDL,53,1,2021-02-15,1467
52,PDL,53,2,2021-02-15,1722
52,PDL,53,1,2021-02-22,353
52,PDL,53,2,2021-02-22,2358
52,PDL,53,1,2021-03-01,1807
52,PDL,53,2,2021-03-01,1135
52,PDL,53,1,2021-03-08,3689
52,PDL,53,2,2021-03-08,354
52,PDL,53,1,2021-03-15,4652
52,PDL,53,2,2021-03-15,1125
52,PDL,53,1,2021-03-22,6137
52,PDL,53,2,2021-03-22,185
52,PDL,53,1,2021-03-29,6968
52,PDL,53,2,2021-03-29,1018
52,PDL,53,1,2021-04-05,3865
52,PDL,53,2,2021-04-05,2476
52,PDL,53,1,2021-04-12,1075
52,PDL,53,2,2021-04-12,5058
52,PDL,53,1,2021-04-19,236
52,PDL,53,2,2021-04-19,5868
52,PDL,53,1,2021-04-26,276
52,PDL,53,2,2021-04-26,6390
44,GES,54,1,2021-01-18,7704
44,GES,54,2,2021-01-18,20
44,GES,54,1,2021-01-25,2001
44,GES,54,2,2021-01-25,826
44,GES,54,1,2021-02-01,415
44,GES,54,2,2021-02-01,6340
44,GES,54,1,2021-02-08,1579
44,GES,54,2,2021-02-08,5235
44,GES,54,1,2021-02-15,2148
44,GES,54,2,2021-02-15,5274
44,GES,54,1,2021-02-22,3628
44,GES,54,2,2021-02-22,1774
44,GES,54,1,2021-03-01,10609
44,GES,54,2,2021-03-01,450
44,GES,54,1,2021-03-08,12382
44,GES,54,2,2021-03-08,113
44,GES,54,1,2021-03-15,10546
44,GES,54,2,2021-03-15,381
44,GES,54,1,2021-03-22,6829
44,GES,54,2,2021-03-22,3169
44,GES,54,1,2021-03-29,6305
44,GES,54,2,2021-03-29,9739
44,GES,54,1,2021-04-05,1180
44,GES,54,2,2021-04-05,10776
44,GES,54,1,2021-04-12,22
44,GES,54,2,2021-04-12,10322
44,GES,54,1,2021-04-19,49
44,GES,54,2,2021-04-19,6708
44,GES,54,1,2021-04-26,419
44,GES,54,2,2021-04-26,5722
44,GES,55,1,2021-01-18,1624
44,GES,55,1,2021-01-25,1702
44,GES,55,2,2021-01-25,15
44,GES,55,1,2021-02-01,390
44,GES,55,2,2021-02-01,85
44,GES,55,1,2021-02-08,185
44,GES,55,2,2021-02-08,8
44,GES,55,1,2021-02-15,191
44,GES,55,2,2021-02-15,1628
44,GES,55,1,2021-02-22,216
44,GES,55,2,2021-02-22,1557
44,GES,55,1,2021-03-01,35
44,GES,55,2,2021-03-01,370
44,GES,55,1,2021-03-08,1105
44,GES,55,2,2021-03-08,189
44,GES,55,1,2021-03-15,1743
44,GES,55,2,2021-03-15,143
44,GES,55,1,2021-03-22,2015
44,GES,55,2,2021-03-22,55
44,GES,55,1,2021-03-29,3704
44,GES,55,2,2021-03-29,36
44,GES,55,1,2021-04-05,3093
44,GES,55,2,2021-04-05,903
44,GES,55,1,2021-04-12,495
44,GES,55,2,2021-04-12,1733
44,GES,55,1,2021-04-19,208
44,GES,55,2,2021-04-19,2256
44,GES,55,1,2021-04-26,503
44,GES,55,2,2021-04-26,3081
53,BRE,56,1,2021-01-18,3902
53,BRE,56,1,2021-01-25,4070
53,BRE,56,2,2021-01-25,184
53,BRE,56,1,2021-02-01,3779
53,BRE,56,2,2021-02-01,574
53,BRE,56,1,2021-02-08,2777
53,BRE,56,2,2021-02-08,1585
53,BRE,56,1,2021-02-15,4157
53,BRE,56,2,2021-02-15,3686
53,BRE,56,1,2021-02-22,3004
53,BRE,56,2,2021-02-22,3750
53,BRE,56,1,2021-03-01,3265
53,BRE,56,2,2021-03-01,3475
53,BRE,56,1,2021-03-08,5513
53,BRE,56,2,2021-03-08,2595
53,BRE,56,1,2021-03-15,5788
53,BRE,56,2,2021-03-15,3128
53,BRE,56,1,2021-03-22,8901
53,BRE,56,2,2021-03-22,2733
53,BRE,56,1,2021-03-29,10200
53,BRE,56,2,2021-03-29,3138
53,BRE,56,1,2021-04-05,11180
53,BRE,56,2,2021-04-05,4897
53,BRE,56,1,2021-04-12,9443
53,BRE,56,2,2021-04-12,5968
53,BRE,56,1,2021-04-19,4278
53,BRE,56,2,2021-04-19,9417
53,BRE,56,1,2021-04-26,2114
53,BRE,56,2,2021-04-26,9679
44,GES,57,1,2021-01-18,3488
44,GES,57,2,2021-01-18,44
44,GES,57,1,2021-01-25,3946
44,GES,57,2,2021-01-25,1212
44,GES,57,1,2021-02-01,3758
44,GES,57,2,2021-02-01,2016
44,GES,57,1,2021-02-08,5731
44,GES,57,2,2021-02-08,1026
44,GES,57,1,2021-02-15,5415
44,GES,57,2,2021-02-15,3228
44,GES,57,1,2021-02-22,10541
44,GES,57,2,2021-02-22,3654
44,GES,57,1,2021-03-01,17931
44,GES,57,2,2021-03-01,4400
44,GES,57,1,2021-03-08,14451
44,GES,57,2,2021-03-08,5150
44,GES,57,1,2021-03-15,17661
44,GES,57,2,2021-03-15,4867
44,GES,57,1,2021-03-22,12647
44,GES,57,2,2021-03-22,10873
44,GES,57,1,2021-03-29,9935
44,GES,57,2,2021-03-29,13031
44,GES,57,1,2021-04-05,8630
44,GES,57,2,2021-04-05,13223
44,GES,57,1,2021-04-12,1167
44,GES,57,2,2021-04-12,17581
44,GES,57,1,2021-04-19,1457
44,GES,57,2,2021-04-19,12793
44,GES,57,1,2021-04-26,199
44,GES,57,2,2021-04-26,10056
27,BFC,58,1,2021-01-18,2942
27,BFC,58,2,2021-01-18,1
27,BFC,58,1,2021-01-25,2988
27,BFC,58,2,2021-01-25,2
27,BFC,58,1,2021-02-01,1469
27,BFC,58,2,2021-02-01,94
27,BFC,58,1,2021-02-08,1540
27,BFC,58,2,2021-02-08,514
27,BFC,58,1,2021-02-15,635
27,BFC,58,2,2021-02-15,3115
27,BFC,58,1,2021-02-22,174
27,BFC,58,2,2021-02-22,2935
27,BFC,58,1,2021-03-01,1887
27,BFC,58,2,2021-03-01,1484
27,BFC,58,1,2021-03-08,1967
27,BFC,58,2,2021-03-08,1450
27,BFC,58,1,2021-03-15,2563
27,BFC,58,2,2021-03-15,545
27,BFC,58,1,2021-03-22,4819
27,BFC,58,2,2021-03-22,38
27,BFC,58,1,2021-03-29,4400
27,BFC,58,2,2021-03-29,1517
27,BFC,58,1,2021-04-05,2751
27,BFC,58,2,2021-04-05,1678
27,BFC,58,1,2021-04-12,2053
27,BFC,58,2,2021-04-12,2733
27,BFC,58,1,2021-04-19,519
27,BFC,58,2,2021-04-19,4807
27,BFC,58,1,2021-04-26,353
27,BFC,58,2,2021-04-26,3623
32,HDF,59,1,2021-01-18,18380
32,HDF,59,2,2021-01-18,82
32,HDF,59,1,2021-01-25,7342
32,HDF,59,2,2021-01-25,2134
32,HDF,59,1,2021-02-01,600
32,HDF,59,2,2021-02-01,6075
32,HDF,59,1,2021-02-08,4308
32,HDF,59,2,2021-02-08,7816
32,HDF,59,1,2021-02-15,8371
32,HDF,59,2,2021-02-15,16987
32,HDF,59,1,2021-02-22,12971
32,HDF,59,2,2021-02-22,6617
32,HDF,59,1,2021-03-01,31160
32,HDF,59,2,2021-03-01,969
32,HDF,59,1,2021-03-08,33517
32,HDF,59,2,2021-03-08,4023
32,HDF,59,1,2021-03-15,34083
32,HDF,59,2,2021-03-15,5824
32,HDF,59,1,2021-03-22,35560
32,HDF,59,2,2021-03-22,11319
32,HDF,59,1,2021-03-29,25498
32,HDF,59,2,2021-03-29,25987
32,HDF,59,1,2021-04-05,10594
32,HDF,59,2,2021-04-05,29255
32,HDF,59,1,2021-04-12,4504
32,HDF,59,2,2021-04-12,33623
32,HDF,59,1,2021-04-19,3767
32,HDF,59,2,2021-04-19,34949
32,HDF,59,1,2021-04-26,1330
32,HDF,59,2,2021-04-26,24603
32,HDF,60,1,2021-01-18,4099
32,HDF,60,2,2021-01-18,3
32,HDF,60,1,2021-01-25,2490
32,HDF,60,2,2021-01-25,46
32,HDF,60,1,2021-02-01,590
32,HDF,60,2,2021-02-01,741
32,HDF,60,1,2021-02-08,1845
32,HDF,60,2,2021-02-08,1867
32,HDF,60,1,2021-02-15,2749
32,HDF,60,2,2021-02-15,3781
32,HDF,60,1,2021-02-22,3275
32,HDF,60,2,2021-02-22,2530
32,HDF,60,1,2021-03-01,6208
32,HDF,60,2,2021-03-01,486
32,HDF,60,1,2021-03-08,8879
32,HDF,60,2,2021-03-08,1739
32,HDF,60,1,2021-03-15,10490
32,HDF,60,2,2021-03-15,2739
32,HDF,60,1,2021-03-22,14611
32,HDF,60,2,2021-03-22,3542
32,HDF,60,1,2021-03-29,12088
32,HDF,60,2,2021-03-29,5935
32,HDF,60,1,2021-04-05,4972
32,HDF,60,2,2021-04-05,8191
32,HDF,60,1,2021-04-12,3845
32,HDF,60,2,2021-04-12,11574
32,HDF,60,1,2021-04-19,2008
32,HDF,60,2,2021-04-19,15645
32,HDF,60,1,2021-04-26,998
32,HDF,60,2,2021-04-26,11941
28,NOR,61,1,2021-01-18,3145
28,NOR,61,2,2021-01-18,4
28,NOR,61,1,2021-01-25,2653
28,NOR,61,2,2021-01-25,86
28,NOR,61,1,2021-02-01,2085
28,NOR,61,2,2021-02-01,647
28,NOR,61,1,2021-02-08,1238
28,NOR,61,2,2021-02-08,2032
28,NOR,61,1,2021-02-15,371
28,NOR,61,2,2021-02-15,2997
28,NOR,61,1,2021-02-22,111
28,NOR,61,2,2021-02-22,2526
28,NOR,61,1,2021-03-01,772
28,NOR,61,2,2021-03-01,1981
28,NOR,61,1,2021-03-08,2988
28,NOR,61,2,2021-03-08,809
28,NOR,61,1,2021-03-15,3384
28,NOR,61,2,2021-03-15,78
28,NOR,61,1,2021-03-22,4985
28,NOR,61,2,2021-03-22,61
28,NOR,61,1,2021-03-29,5671
28,NOR,61,2,2021-03-29,773
28,NOR,61,1,2021-04-05,4084
28,NOR,61,2,2021-04-05,3109
28,NOR,61,1,2021-04-12,2022
28,NOR,61,2,2021-04-12,3576
28,NOR,61,1,2021-04-19,224
28,NOR,61,2,2021-04-19,5325
28,NOR,61,1,2021-04-26,58
28,NOR,61,2,2021-04-26,5346
32,HDF,62,1,2021-01-18,7180
32,HDF,62,2,2021-01-18,2
32,HDF,62,1,2021-01-25,3699
32,HDF,62,2,2021-01-25,612
32,HDF,62,1,2021-02-01,194
32,HDF,62,2,2021-02-01,2334
32,HDF,62,1,2021-02-08,1784
32,HDF,62,2,2021-02-08,4321
32,HDF,62,1,2021-02-15,4538
32,HDF,62,2,2021-02-15,6788
32,HDF,62,1,2021-02-22,6473
32,HDF,62,2,2021-02-22,2919
32,HDF,62,1,2021-03-01,21844
32,HDF,62,2,2021-03-01,378
32,HDF,62,1,2021-03-08,27180
32,HDF,62,2,2021-03-08,1669
32,HDF,62,1,2021-03-15,29811
32,HDF,62,2,2021-03-15,3258
32,HDF,62,1,2021-03-22,28268
32,HDF,62,2,2021-03-22,4798
32,HDF,62,1,2021-03-29,18778
32,HDF,62,2,2021-03-29,15978
32,HDF,62,1,2021-04-05,4064
32,HDF,62,2,2021-04-05,27720
32,HDF,62,1,2021-04-12,2660
32,HDF,62,2,2021-04-12,28114
32,HDF,62,1,2021-04-19,1041
32,HDF,62,2,2021-04-19,29588
32,HDF,62,1,2021-04-26,1056
32,HDF,62,2,2021-04-26,16225
84,ARA,63,1,2021-01-18,3542
84,ARA,63,1,2021-01-25,3763
84,ARA,63,2,2021-01-25,299
84,ARA,63,1,2021-02-01,3136
84,ARA,63,2,2021-02-01,1047
84,ARA,63,1,2021-02-08,2837
84,ARA,63,2,2021-02-08,1326
84,ARA,63,1,2021-02-15,1057
84,ARA,63,2,2021-02-15,3023
84,ARA,63,1,2021-02-22,1229
84,ARA,63,2,2021-02-22,3195
84,ARA,63,1,2021-03-01,3554
84,ARA,63,2,2021-03-01,2867
84,ARA,63,1,2021-03-08,4457
84,ARA,63,2,2021-03-08,2469
84,ARA,63,1,2021-03-15,8247
84,ARA,63,2,2021-03-15,1008
84,ARA,63,1,2021-03-22,11914
84,ARA,63,2,2021-03-22,703
84,ARA,63,1,2021-03-29,9920
84,ARA,63,2,2021-03-29,2397
84,ARA,63,1,2021-04-05,4956
84,ARA,63,2,2021-04-05,3257
84,ARA,63,1,2021-04-12,1898
84,ARA,63,2,2021-04-12,8403
84,ARA,63,1,2021-04-19,564
84,ARA,63,2,2021-04-19,11791
84,ARA,63,1,2021-04-26,660
84,ARA,63,2,2021-04-26,10614
75,NAQ,64,1,2021-01-18,4047
75,NAQ,64,2,2021-01-18,2
75,NAQ,64,1,2021-01-25,4095
75,NAQ,64,2,2021-01-25,414
75,NAQ,64,1,2021-02-01,3837
75,NAQ,64,2,2021-02-01,776
75,NAQ,64,1,2021-02-08,3427
75,NAQ,64,2,2021-02-08,1383
75,NAQ,64,1,2021-02-15,875
75,NAQ,64,2,2021-02-15,4076
75,NAQ,64,1,2021-02-22,3116
75,NAQ,64,2,2021-02-22,3970
75,NAQ,64,1,2021-03-01,4660
75,NAQ,64,2,2021-03-01,3925
75,NAQ,64,1,2021-03-08,7034
75,NAQ,64,2,2021-03-08,3401
75,NAQ,64,1,2021-03-15,13048
75,NAQ,64,2,2021-03-15,819
75,NAQ,64,1,2021-03-22,14154
75,NAQ,64,2,2021-03-22,2991
75,NAQ,64,1,2021-03-29,14287
75,NAQ,64,2,2021-03-29,3612
75,NAQ,64,1,2021-04-05,11047
75,NAQ,64,2,2021-04-05,6311
75,NAQ,64,1,2021-04-12,3228
75,NAQ,64,2,2021-04-12,12572
75,NAQ,64,1,2021-04-19,1408
75,NAQ,64,2,2021-04-19,13080
75,NAQ,64,1,2021-04-26,339
75,NAQ,64,2,2021-04-26,13054
76,OCC,65,1,2021-01-18,553
76,OCC,65,2,2021-01-18,1
76,OCC,65,1,2021-01-25,1159
76,OCC,65,2,2021-01-25,55
76,OCC,65,1,2021-02-01,1179
76,OCC,65,2,2021-02-01,794
76,OCC,65,1,2021-02-08,1224
76,OCC,65,2,2021-02-08,1179
76,OCC,65,1,2021-02-15,755
76,OCC,65,2,2021-02-15,2299
76,OCC,65,1,2021-02-22,605
76,OCC,65,2,2021-02-22,2430
76,OCC,65,1,2021-03-01,2458
76,OCC,65,2,2021-03-01,1709
76,OCC,65,1,2021-03-08,1893
76,OCC,65,2,2021-03-08,1209
76,OCC,65,1,2021-03-15,2788
76,OCC,65,2,2021-03-15,659
76,OCC,65,1,2021-03-22,4123
76,OCC,65,2,2021-03-22,584
76,OCC,65,1,2021-03-29,5228
76,OCC,65,2,2021-03-29,1479
76,OCC,65,1,2021-04-05,4349
76,OCC,65,2,2021-04-05,1623
76,OCC,65,1,2021-04-12,4944
76,OCC,65,2,2021-04-12,2850
76,OCC,65,1,2021-04-19,2911
76,OCC,65,2,2021-04-19,4462
76,OCC,65,1,2021-04-26,18
76,OCC,65,2,2021-04-26,4474
76,OCC,66,1,2021-01-18,3445
76,OCC,66,2,2021-01-18,47
76,OCC,66,1,2021-01-25,4061
76,OCC,66,2,2021-01-25,324
76,OCC,66,1,2021-02-01,3518
76,OCC,66,2,2021-02-01,1021
76,OCC,66,1,2021-02-08,2932
76,OCC,66,2,2021-02-08,2133
76,OCC,66,1,2021-02-15,1866
76,OCC,66,2,2021-02-15,3649
76,OCC,66,1,2021-02-22,2003
76,OCC,66,2,2021-02-22,3559
76,OCC,66,1,2021-03-01,2390
76,OCC,66,2,2021-03-01,3341
76,OCC,66,1,2021-03-08,3530
76,OCC,66,2,2021-03-08,2623
76,OCC,66,1,2021-03-15,4574
76,OCC,66,2,2021-03-15,1679
76,OCC,66,1,2021-03-22,5677
76,OCC,66,2,2021-03-22,1854
76,OCC,66,1,2021-03-29,6742
76,OCC,66,2,2021-03-29,1225
76,OCC,66,1,2021-04-05,3450
76,OCC,66,2,2021-04-05,2909
76,OCC,66,1,2021-04-12,3606
76,OCC,66,2,2021-04-12,4896
76,OCC,66,1,2021-04-19,1689
76,OCC,66,2,2021-04-19,6030
76,OCC,66,1,2021-04-26,1388
76,OCC,66,2,2021-04-26,6034
44,GES,67,1,2021-01-18,6576
44,GES,67,2,2021-01-18,9
44,GES,67,1,2021-01-25,4031
44,GES,67,2,2021-01-25,602
44,GES,67,1,2021-02-01,5979
44,GES,67,2,2021-02-01,1863
44,GES,67,1,2021-02-08,5527
44,GES,67,2,2021-02-08,2833
44,GES,67,1,2021-02-15,4076
44,GES,67,2,2021-02-15,5629
44,GES,67,1,2021-02-22,4059
44,GES,67,2,2021-02-22,4886
44,GES,67,1,2021-03-01,3578
44,GES,67,2,2021-03-01,5982
44,GES,67,1,2021-03-08,6384
44,GES,67,2,2021-03-08,4856
44,GES,67,1,2021-03-15,9557
44,GES,67,2,2021-03-15,3012
44,GES,67,1,2021-03-22,12918
44,GES,67,2,2021-03-22,2248
44,GES,67,1,2021-03-29,13632
44,GES,67,2,2021-03-29,2177
44,GES,67,1,2021-04-05,12930
44,GES,67,2,2021-04-05,4666
44,GES,67,1,2021-04-12,10720
44,GES,67,2,2021-04-12,9745
44,GES,67,1,2021-04-19,6855
44,GES,67,2,2021-04-19,13975
44,GES,67,1,2021-04-26,6570
44,GES,67,2,2021-04-26,12877
44,GES,68,1,2021-01-18,2935
44,GES,68,1,2021-01-25,4444
44,GES,68,2,2021-01-25,694
44,GES,68,1,2021-02-01,4301
44,GES,68,2,2021-02-01,518
44,GES,68,1,2021-02-08,5327
44,GES,68,2,2021-02-08,288
44,GES,68,1,2021-02-15,3004
44,GES,68,2,2021-02-15,2586
44,GES,68,1,2021-02-22,2636
44,GES,68,2,2021-02-22,4481
44,GES,68,1,2021-03-01,7055
44,GES,68,2,2021-03-01,4363
44,GES,68,1,2021-03-08,7928
44,GES,68,2,2021-03-08,4902
44,GES,68,1,2021-03-15,9340
44,GES,68,2,2021-03-15,2766
44,GES,68,1,2021-03-22,10256
44,GES,68,2,2021-03-22,2525
44,GES,68,1,2021-03-29,6668
44,GES,68,2,2021-03-29,4758
44,GES,68,1,2021-04-05,6374
44,GES,68,2,2021-04-05,7948
44,GES,68,1,2021-04-12,6140
44,GES,68,2,2021-04-12,9664
44,GES,68,1,2021-04-19,2395
44,GES,68,2,2021-04-19,10130
44,GES,68,1,2021-04-26,1273
44,GES,68,2,2021-04-26,6262
84,ARA,69,1,2021-01-18,10530
84,ARA,69,2,2021-01-18,7
84,ARA,69,1,2021-01-25,10600
84,ARA,69,2,2021-01-25,863
84,ARA,69,1,2021-02-01,3840
84,ARA,69,2,2021-02-01,2189
84,ARA,69,1,2021-02-08,5988
84,ARA,69,2,2021-02-08,5758
84,ARA,69,1,2021-02-15,3568
84,ARA,69,2,2021-02-15,11681
84,ARA,69,1,2021-02-22,3423
84,ARA,69,2,2021-02-22,10387
84,ARA,69,1,2021-03-01,13025
84,ARA,69,2,2021-03-01,4230
84,ARA,69,1,2021-03-08,17583
84,ARA,69,2,2021-03-08,3876
84,ARA,69,1,2021-03-15,21675
84,ARA,69,2,2021-03-15,1716
84,ARA,69,1,2021-03-22,22438
84,ARA,69,2,2021-03-22,2858
84,ARA,69,1,2021-03-29,23920
84,ARA,69,2,2021-03-29,11749
84,ARA,69,1,2021-04-05,18933
84,ARA,69,2,2021-04-05,17011
84,ARA,69,1,2021-04-12,10454
84,ARA,69,2,2021-04-12,23464
84,ARA,69,1,2021-04-19,6915
84,ARA,69,2,2021-04-19,23225
84,ARA,69,1,2021-04-26,2906
84,ARA,69,2,2021-04-26,26162
27,BFC,70,1,2021-01-18,1399
27,BFC,70,1,2021-01-25,1424
27,BFC,70,1,2021-02-01,1471
27,BFC,70,2,2021-02-01,20
27,BFC,70,1,2021-02-08,880
27,BFC,70,2,2021-02-08,1298
27,BFC,70,1,2021-02-15,737
27,BFC,70,2,2021-02-15,856
27,BFC,70,1,2021-02-22,214
27,BFC,70,2,2021-02-22,1111
27,BFC,70,1,2021-03-01,1819
27,BFC,70,2,2021-03-01,1281
27,BFC,70,1,2021-03-08,2282
27,BFC,70,2,2021-03-08,883
27,BFC,70,1,2021-03-15,3219
27,BFC,70,2,2021-03-15,708
27,BFC,70,1,2021-03-22,4549
27,BFC,70,2,2021-03-22,711
27,BFC,70,1,2021-03-29,2982
27,BFC,70,2,2021-03-29,1748
27,BFC,70,1,2021-04-05,2005
27,BFC,70,2,2021-04-05,2244
27,BFC,70,1,2021-04-12,1696
27,BFC,70,2,2021-04-12,3338
27,BFC,70,1,2021-04-19,1045
27,BFC,70,2,2021-04-19,4357
27,BFC,70,1,2021-04-26,1357
27,BFC,70,2,2021-04-26,2667
27,BFC,71,1,2021-01-18,4700
27,BFC,71,1,2021-01-25,4375
27,BFC,71,2,2021-01-25,194
27,BFC,71,1,2021-02-01,3810
27,BFC,71,2,2021-02-01,873
27,BFC,71,1,2021-02-08,1603
27,BFC,71,2,2021-02-08,3375
27,BFC,71,1,2021-02-15,1413
27,BFC,71,2,2021-02-15,3703
27,BFC,71,1,2021-02-22,1367
27,BFC,71,2,2021-02-22,3220
27,BFC,71,1,2021-03-01,5578
27,BFC,71,2,2021-03-01,2942
27,BFC,71,1,2021-03-08,6390
27,BFC,71,2,2021-03-08,2057
27,BFC,71,1,2021-03-15,8728
27,BFC,71,2,2021-03-15,984
27,BFC,71,1,2021-03-22,10204
27,BFC,71,2,2021-03-22,1323
27,BFC,71,1,2021-03-29,6426
27,BFC,71,2,2021-03-29,5507
27,BFC,71,1,2021-04-05,5481
27,BFC,71,2,2021-04-05,5921
27,BFC,71,1,2021-04-12,3927
27,BFC,71,2,2021-04-12,8711
27,BFC,71,1,2021-04-19,2949
27,BFC,71,2,2021-04-19,10173
27,BFC,71,1,2021-04-26,3107
27,BFC,71,2,2021-04-26,6313
52,PDL,72,1,2021-01-18,1642
52,PDL,72,2,2021-01-18,4
52,PDL,72,1,2021-01-25,2699
52,PDL,72,2,2021-01-25,165
52,PDL,72,1,2021-02-01,2366
52,PDL,72,2,2021-02-01,475
52,PDL,72,1,2021-02-08,2248
52,PDL,72,2,2021-02-08,757
52,PDL,72,1,2021-02-15,1327
52,PDL,72,2,2021-02-15,2077
52,PDL,72,1,2021-02-22,1405
52,PDL,72,2,2021-02-22,2631
52,PDL,72,1,2021-03-01,1962
52,PDL,72,2,2021-03-01,2355
52,PDL,72,1,2021-03-08,1929
52,PDL,72,2,2021-03-08,2072
52,PDL,72,1,2021-03-15,4512
52,PDL,72,2,2021-03-15,1101
52,PDL,72,1,2021-03-22,5585
52,PDL,72,2,2021-03-22,1284
52,PDL,72,1,2021-03-29,6508
52,PDL,72,2,2021-03-29,1332
52,PDL,72,1,2021-04-05,4620
52,PDL,72,2,2021-04-05,1705
52,PDL,72,1,2021-04-12,2406
52,PDL,72,2,2021-04-12,4661
52,PDL,72,1,2021-04-19,1067
52,PDL,72,2,2021-04-19,5667
52,PDL,72,1,2021-04-26,898
52,PDL,72,2,2021-04-26,6436
84,ARA,73,1,2021-01-18,2973
84,ARA,73,1,2021-01-25,3629
84,ARA,73,2,2021-01-25,83
84,ARA,73,1,2021-02-01,3181
84,ARA,73,2,2021-02-01,873
84,ARA,73,1,2021-02-08,2989
84,ARA,73,2,2021-02-08,1094
84,ARA,73,1,2021-02-15,1561
84,ARA,73,2,2021-02-15,2996
84,ARA,73,1,2021-02-22,1195
84,ARA,73,2,2021-02-22,3519
84,ARA,73,1,2021-03-01,2022
84,ARA,73,2,2021-03-01,2849
84,ARA,73,1,2021-03-08,2228
84,ARA,73,2,2021-03-08,2441
84,ARA,73,1,2021-03-15,4822
84,ARA,73,2,2021-03-15,1074
84,ARA,73,1,2021-03-22,5172
84,ARA,73,2,2021-03-22,1044
84,ARA,73,1,2021-03-29,6527
84,ARA,73,2,2021-03-29,1204
84,ARA,73,1,2021-04-05,3820
84,ARA,73,2,2021-04-05,1892
84,ARA,73,1,2021-04-12,1414
84,ARA,73,2,2021-04-12,4656
84,ARA,73,1,2021-04-19,632
84,ARA,73,2,2021-04-19,5270
84,ARA,73,1,2021-04-26,536
84,ARA,73,2,2021-04-26,5685
84,ARA,74,1,2021-01-18,4221
84,ARA,74,2,2021-01-18,5
84,ARA,74,1,2021-01-25,4183
84,ARA,74,2,2021-01-25,99
84,ARA,74,1,2021-02-01,3288
84,ARA,74,2,2021-02-01,878
84,ARA,74,1,2021-02-08,3375
84,ARA,74,2,2021-02-08,2188
84,ARA,74,1,2021-02-15,1422
84,ARA,74,2,2021-02-15,3924
84,ARA,74,1,2021-02-22,728
84,ARA,74,2,2021-02-22,3953
84,ARA,74,1,2021-03-01,3417
84,ARA,74,2,2021-03-01,3258
84,ARA,74,1,2021-03-08,6478
84,ARA,74,2,2021-03-08,3052
84,ARA,74,1,2021-03-15,9072
84,ARA,74,2,2021-03-15,842
84,ARA,74,1,2021-03-22,12097
84,ARA,74,2,2021-03-22,872
84,ARA,74,1,2021-03-29,12828
84,ARA,74,2,2021-03-29,3351
84,ARA,74,1,2021-04-05,7807
84,ARA,74,2,2021-04-05,5189
84,ARA,74,1,2021-04-12,4065
84,ARA,74,2,2021-04-12,8753
84,ARA,74,1,2021-04-19,1334
84,ARA,74,2,2021-04-19,12163
84,ARA,74,1,2021-04-26,2102
84,ARA,74,2,2021-04-26,11476
11,IDF,75,1,2021-01-18,13697
11,IDF,75,2,2021-01-18,114
11,IDF,75,1,2021-01-25,10580
11,IDF,75,2,2021-01-25,1910
11,IDF,75,1,2021-02-01,9595
11,IDF,75,2,2021-02-01,5763
11,IDF,75,1,2021-02-08,8656
11,IDF,75,2,2021-02-08,6157
11,IDF,75,1,2021-02-15,3039
11,IDF,75,2,2021-02-15,13194
11,IDF,75,1,2021-02-22,4198
11,IDF,75,2,2021-02-22,10714
11,IDF,75,1,2021-03-01,28822
11,IDF,75,2,2021-03-01,9644
11,IDF,75,1,2021-03-08,23617
11,IDF,75,2,2021-03-08,7406
11,IDF,75,1,2021-03-15,26245
11,IDF,75,2,2021-03-15,2079
11,IDF,75,1,2021-03-22,32613
11,IDF,75,2,2021-03-22,3218
11,IDF,75,1,2021-03-29,23416
11,IDF,75,2,2021-03-29,21049
11,IDF,75,1,2021-04-05,14621
11,IDF,75,2,2021-04-05,18910
11,IDF,75,1,2021-04-12,2752
11,IDF,75,2,2021-04-12,26980
11,IDF,75,1,2021-04-19,893
11,IDF,75,2,2021-04-19,29234
11,IDF,75,1,2021-04-26,1495
11,IDF,75,2,2021-04-26,20023
28,NOR,76,1,2021-01-18,6677
28,NOR,76,2,2021-01-18,5
28,NOR,76,1,2021-01-25,6015
28,NOR,76,2,2021-01-25,1243
28,NOR,76,1,2021-02-01,4440
28,NOR,76,2,2021-02-01,3338
28,NOR,76,1,2021-02-08,4987
28,NOR,76,2,2021-02-08,4614
28,NOR,76,1,2021-02-15,2211
28,NOR,76,2,2021-02-15,6213
28,NOR,76,1,2021-02-22,1686
28,NOR,76,2,2021-02-22,5728
28,NOR,76,1,2021-03-01,7371
28,NOR,76,2,2021-03-01,4506
28,NOR,76,1,2021-03-08,13145
28,NOR,76,2,2021-03-08,4173
28,NOR,76,1,2021-03-15,15191
28,NOR,76,2,2021-03-15,1111
28,NOR,76,1,2021-03-22,22972
28,NOR,76,2,2021-03-22,1360
28,NOR,76,1,2021-03-29,18103
28,NOR,76,2,2021-03-29,7179
28,NOR,76,1,2021-04-05,10867
28,NOR,76,2,2021-04-05,12063
28,NOR,76,1,2021-04-12,4515
28,NOR,76,2,2021-04-12,15796
28,NOR,76,1,2021-04-19,1421
28,NOR,76,2,2021-04-19,22518
28,NOR,76,1,2021-04-26,1210
28,NOR,76,2,2021-04-26,17266
11,IDF,77,1,2021-01-18,4876
11,IDF,77,2,2021-01-18,2
11,IDF,77,1,2021-01-25,4216
11,IDF,77,2,2021-01-25,16
11,IDF,77,1,2021-02-01,3963
11,IDF,77,2,2021-02-01,2038
11,IDF,77,1,2021-02-08,2669
11,IDF,77,2,2021-02-08,3582
11,IDF,77,1,2021-02-15,1837
11,IDF,77,2,2021-02-15,3699
11,IDF,77,1,2021-02-22,1448
11,IDF,77,2,2021-02-22,4141
11,IDF,77,1,2021-03-01,11159
11,IDF,77,2,2021-03-01,3976
11,IDF,77,1,2021-03-08,9309
11,IDF,77,2,2021-03-08,2309
11,IDF,77,1,2021-03-15,11405
11,IDF,77,2,2021-03-15,1267
11,IDF,77,1,2021-03-22,15396
11,IDF,77,2,2021-03-22,1493
11,IDF,77,1,2021-03-29,10557
11,IDF,77,2,2021-03-29,8218
11,IDF,77,1,2021-04-05,4079
11,IDF,77,2,2021-04-05,9401
11,IDF,77,1,2021-04-12,693
11,IDF,77,2,2021-04-12,11720
11,IDF,77,1,2021-04-19,645
11,IDF,77,2,2021-04-19,15786
11,IDF,77,1,2021-04-26,191
11,IDF,77,2,2021-04-26,8275
11,IDF,78,1,2021-01-18,5602
11,IDF,78,2,2021-01-18,41
11,IDF,78,1,2021-01-25,5342
11,IDF,78,2,2021-01-25,57
11,IDF,78,1,2021-02-01,4909
11,IDF,78,2,2021-02-01,1106
11,IDF,78,1,2021-02-08,5230
11,IDF,78,2,2021-02-08,2356
11,IDF,78,1,2021-02-15,1879
11,IDF,78,2,2021-02-15,5764
11,IDF,78,1,2021-02-22,2122
11,IDF,78,2,2021-02-22,5086
11,IDF,78,1,2021-03-01,11401
11,IDF,78,2,2021-03-01,4801
11,IDF,78,1,2021-03-08,9570
11,IDF,78,2,2021-03-08,4046
11,IDF,78,1,2021-03-15,15045
11,IDF,78,2,2021-03-15,1212
11,IDF,78,1,2021-03-22,18986
11,IDF,78,2,2021-03-22,1643
11,IDF,78,1,2021-03-29,18176
11,IDF,78,2,2021-03-29,7965
11,IDF,78,1,2021-04-05,2030
11,IDF,78,2,2021-04-05,9739
11,IDF,78,1,2021-04-12,85
11,IDF,78,2,2021-04-12,14771
11,IDF,78,1,2021-04-19,49
11,IDF,78,2,2021-04-19,19228
11,IDF,78,1,2021-04-26,30
11,IDF,78,2,2021-04-26,17603
75,NAQ,79,1,2021-01-18,2593
75,NAQ,79,2,2021-01-18,3
75,NAQ,79,1,2021-01-25,2107
75,NAQ,79,2,2021-01-25,151
75,NAQ,79,1,2021-02-01,1435
75,NAQ,79,2,2021-02-01,443
75,NAQ,79,1,2021-02-08,1580
75,NAQ,79,2,2021-02-08,1139
75,NAQ,79,1,2021-02-15,1383
75,NAQ,79,2,2021-02-15,2400
75,NAQ,79,1,2021-02-22,879
75,NAQ,79,2,2021-02-22,2090
75,NAQ,79,1,2021-03-01,1470
75,NAQ,79,2,2021-03-01,1727
75,NAQ,79,1,2021-03-08,2721
75,NAQ,79,2,2021-03-08,1277
75,NAQ,79,1,2021-03-15,2486
75,NAQ,79,2,2021-03-15,1143
75,NAQ,79,1,2021-03-22,5471
75,NAQ,79,2,2021-03-22,594
75,NAQ,79,1,2021-03-29,10195
75,NAQ,79,2,2021-03-29,1286
75,NAQ,79,1,2021-04-05,5606
75,NAQ,79,2,2021-04-05,2464
75,NAQ,79,1,2021-04-12,1514
75,NAQ,79,2,2021-04-12,2504
75,NAQ,79,1,2021-04-19,27
75,NAQ,79,2,2021-04-19,5608
75,NAQ,79,1,2021-04-26,16
75,NAQ,79,2,2021-04-26,10268
32,HDF,80,1,2021-01-18,3703
32,HDF,80,2,2021-01-18,25
32,HDF,80,1,2021-01-25,2887
32,HDF,80,2,2021-01-25,357
32,HDF,80,1,2021-02-01,782
32,HDF,80,2,2021-02-01,1474
32,HDF,80,1,2021-02-08,2678
32,HDF,80,2,2021-02-08,1236
32,HDF,80,1,2021-02-15,2135
32,HDF,80,2,2021-02-15,3709
32,HDF,80,1,2021-02-22,1752
32,HDF,80,2,2021-02-22,2978
32,HDF,80,1,2021-03-01,7464
32,HDF,80,2,2021-03-01,803
32,HDF,80,1,2021-03-08,6102
32,HDF,80,2,2021-03-08,2603
32,HDF,80,1,2021-03-15,7142
32,HDF,80,2,2021-03-15,1348
32,HDF,80,1,2021-03-22,6560
32,HDF,80,2,2021-03-22,1852
32,HDF,80,1,2021-03-29,7277
32,HDF,80,2,2021-03-29,5950
32,HDF,80,1,2021-04-05,3134
32,HDF,80,2,2021-04-05,5900
32,HDF,80,1,2021-04-12,2009
32,HDF,80,2,2021-04-12,6603
32,HDF,80,1,2021-04-19,1003
32,HDF,80,2,2021-04-19,6176
32,HDF,80,1,2021-04-26,165
32,HDF,80,2,2021-04-26,5721
76,OCC,81,1,2021-01-18,2575
76,OCC,81,2,2021-01-18,52
76,OCC,81,1,2021-01-25,2446
76,OCC,81,2,2021-01-25,240
76,OCC,81,1,2021-02-01,2181
76,OCC,81,2,2021-02-01,495
76,OCC,81,1,2021-02-08,1956
76,OCC,81,2,2021-02-08,721
76,OCC,81,1,2021-02-15,1269
76,OCC,81,2,2021-02-15,2413
76,OCC,81,1,2021-02-22,1166
76,OCC,81,2,2021-02-22,2440
76,OCC,81,1,2021-03-01,1439
76,OCC,81,2,2021-03-01,2142
76,OCC,81,1,2021-03-08,2385
76,OCC,81,2,2021-03-08,1650
76,OCC,81,1,2021-03-15,3975
76,OCC,81,2,2021-03-15,943
76,OCC,81,1,2021-03-22,5669
76,OCC,81,2,2021-03-22,852
76,OCC,81,1,2021-03-29,12898
76,OCC,81,2,2021-03-29,1005
76,OCC,81,1,2021-04-05,2955
76,OCC,81,2,2021-04-05,2127
76,OCC,81,1,2021-04-12,339
76,OCC,81,2,2021-04-12,3974
76,OCC,81,1,2021-04-19,120
76,OCC,81,2,2021-04-19,5896
76,OCC,81,1,2021-04-26,61
76,OCC,81,2,2021-04-26,12660
76,OCC,82,1,2021-01-18,1702
76,OCC,82,2,2021-01-18,1
76,OCC,82,1,2021-01-25,1567
76,OCC,82,2,2021-01-25,32
76,OCC,82,1,2021-02-01,1705
76,OCC,82,2,2021-02-01,418
76,OCC,82,1,2021-02-08,756
76,OCC,82,2,2021-02-08,1478
76,OCC,82,1,2021-02-15,1456
76,OCC,82,2,2021-02-15,1459
76,OCC,82,1,2021-02-22,1431
76,OCC,82,2,2021-02-22,1519
76,OCC,82,1,2021-03-01,1316
76,OCC,82,2,2021-03-01,1493
76,OCC,82,1,2021-03-08,2133
76,OCC,82,2,2021-03-08,783
76,OCC,82,1,2021-03-15,1199
76,OCC,82,2,2021-03-15,1451
76,OCC,82,1,2021-03-22,2056
76,OCC,82,2,2021-03-22,1471
76,OCC,82,1,2021-03-29,4063
76,OCC,82,2,2021-03-29,1362
76,OCC,82,1,2021-04-05,4027
76,OCC,82,2,2021-04-05,1897
76,OCC,82,1,2021-04-12,3412
76,OCC,82,2,2021-04-12,1289
76,OCC,82,1,2021-04-19,1101
76,OCC,82,2,2021-04-19,2194
76,OCC,82,1,2021-04-26,288
76,OCC,82,2,2021-04-26,3677
93,PAC,83,1,2021-01-18,5273
93,PAC,83,2,2021-01-18,4
93,PAC,83,1,2021-01-25,6146
93,PAC,83,2,2021-01-25,14
93,PAC,83,1,2021-02-01,5817
93,PAC,83,2,2021-02-01,802
93,PAC,83,1,2021-02-08,5835
93,PAC,83,2,2021-02-08,1195
93,PAC,83,1,2021-02-15,2355
93,PAC,83,2,2021-02-15,5028
93,PAC,83,1,2021-02-22,2241
93,PAC,83,2,2021-02-22,5899
93,PAC,83,1,2021-03-01,6434
93,PAC,83,2,2021-03-01,5771
93,PAC,83,1,2021-03-08,9430
93,PAC,83,2,2021-03-08,5564
93,PAC,83,1,2021-03-15,15708
93,PAC,83,2,2021-03-15,2413
93,PAC,83,1,2021-03-22,20245
93,PAC,83,2,2021-03-22,2115
93,PAC,83,1,2021-03-29,18799
93,PAC,83,2,2021-03-29,4769
93,PAC,83,1,2021-04-05,11256
93,PAC,83,2,2021-04-05,9420
93,PAC,83,1,2021-04-12,6531
93,PAC,83,2,2021-04-12,15831
93,PAC,83,1,2021-04-19,3158
93,PAC,83,2,2021-04-19,20793
93,PAC,83,1,2021-04-26,2218
93,PAC,83,2,2021-04-26,16750
93,PAC,84,1,2021-01-18,3097
93,PAC,84,2,2021-01-18,21
93,PAC,84,1,2021-01-25,3628
93,PAC,84,2,2021-01-25,34
93,PAC,84,1,2021-02-01,3139
93,PAC,84,2,2021-02-01,649
93,PAC,84,1,2021-02-08,2493
93,PAC,84,2,2021-02-08,1996
93,PAC,84,1,2021-02-15,1572
93,PAC,84,2,2021-02-15,3451
93,PAC,84,1,2021-02-22,1641
93,PAC,84,2,2021-02-22,3451
93,PAC,84,1,2021-03-01,3448
93,PAC,84,2,2021-03-01,2905
93,PAC,84,1,2021-03-08,3836
93,PAC,84,2,2021-03-08,2192
93,PAC,84,1,2021-03-15,5671
93,PAC,84,2,2021-03-15,1350
93,PAC,84,1,2021-03-22,6712
93,PAC,84,2,2021-03-22,1495
93,PAC,84,1,2021-03-29,7783
93,PAC,84,2,2021-03-29,2096
93,PAC,84,1,2021-04-05,6932
93,PAC,84,2,2021-04-05,2995
93,PAC,84,1,2021-04-12,3807
93,PAC,84,2,2021-04-12,5232
93,PAC,84,1,2021-04-19,2828
93,PAC,84,2,2021-04-19,6673
93,PAC,84,1,2021-04-26,1785
93,PAC,84,2,2021-04-26,7738
52,PDL,85,1,2021-01-18,3387
52,PDL,85,2,2021-01-18,2
52,PDL,85,1,2021-01-25,1966
52,PDL,85,2,2021-01-25,6
52,PDL,85,1,2021-02-01,2723
52,PDL,85,2,2021-02-01,50
52,PDL,85,1,2021-02-08,2122
52,PDL,85,2,2021-02-08,1269
52,PDL,85,1,2021-02-15,1629
52,PDL,85,2,2021-02-15,2686
52,PDL,85,1,2021-02-22,2610
52,PDL,85,2,2021-02-22,1904
52,PDL,85,1,2021-03-01,3372
52,PDL,85,2,2021-03-01,2496
52,PDL,85,1,2021-03-08,5406
52,PDL,85,2,2021-03-08,2176
52,PDL,85,1,2021-03-15,6238
52,PDL,85,2,2021-03-15,1665
52,PDL,85,1,2021-03-22,7401
52,PDL,85,2,2021-03-22,2513
52,PDL,85,1,2021-03-29,8018
52,PDL,85,2,2021-03-29,3935
52,PDL,85,1,2021-04-05,8432
52,PDL,85,2,2021-04-05,4656
52,PDL,85,1,2021-04-12,6780
52,PDL,85,2,2021-04-12,6389
52,PDL,85,1,2021-04-19,4966
52,PDL,85,2,2021-04-19,7571
52,PDL,85,1,2021-04-26,3034
52,PDL,85,2,2021-04-26,7022
75,NAQ,86,1,2021-01-18,2981
75,NAQ,86,2,2021-01-18,5
75,NAQ,86,1,2021-01-25,2957
75,NAQ,86,2,2021-01-25,871
75,NAQ,86,1,2021-02-01,2322
75,NAQ,86,2,2021-02-01,1586
75,NAQ,86,1,2021-02-08,2200
75,NAQ,86,2,2021-02-08,1400
75,NAQ,86,1,2021-02-15,1030
75,NAQ,86,2,2021-02-15,2494
75,NAQ,86,1,2021-02-22,1007
75,NAQ,86,2,2021-02-22,2718
75,NAQ,86,1,2021-03-01,2582
75,NAQ,86,2,2021-03-01,2210
75,NAQ,86,1,2021-03-08,3104
75,NAQ,86,2,2021-03-08,2211
75,NAQ,86,1,2021-03-15,4109
75,NAQ,86,2,2021-03-15,995
75,NAQ,86,1,2021-03-22,4854
75,NAQ,86,2,2021-03-22,1307
75,NAQ,86,1,2021-03-29,3903
75,NAQ,86,2,2021-03-29,2814
75,NAQ,86,1,2021-04-05,2963
75,NAQ,86,2,2021-04-05,2830
75,NAQ,86,1,2021-04-12,1145
75,NAQ,86,2,2021-04-12,3919
75,NAQ,86,1,2021-04-19,1173
75,NAQ,86,2,2021-04-19,4801
75,NAQ,86,1,2021-04-26,1822
75,NAQ,86,2,2021-04-26,3688
75,NAQ,87,1,2021-01-18,2739
75,NAQ,87,2,2021-01-18,2
75,NAQ,87,1,2021-01-25,2642
75,NAQ,87,2,2021-01-25,285
75,NAQ,87,1,2021-02-01,1531
75,NAQ,87,2,2021-02-01,1205
75,NAQ,87,1,2021-02-08,971
75,NAQ,87,2,2021-02-08,1795
75,NAQ,87,1,2021-02-15,1538
75,NAQ,87,2,2021-02-15,1507
75,NAQ,87,1,2021-02-22,1635
75,NAQ,87,2,2021-02-22,2406
75,NAQ,87,1,2021-03-01,3473
75,NAQ,87,2,2021-03-01,1487
75,NAQ,87,1,2021-03-08,3720
75,NAQ,87,2,2021-03-08,916
75,NAQ,87,1,2021-03-15,3824
75,NAQ,87,2,2021-03-15,991
75,NAQ,87,1,2021-03-22,4433
75,NAQ,87,2,2021-03-22,1262
75,NAQ,87,1,2021-03-29,3485
75,NAQ,87,2,2021-03-29,2574
75,NAQ,87,1,2021-04-05,2254
75,NAQ,87,2,2021-04-05,3036
75,NAQ,87,1,2021-04-12,2568
75,NAQ,87,2,2021-04-12,3958
75,NAQ,87,1,2021-04-19,567
75,NAQ,87,2,2021-04-19,4369
75,NAQ,87,1,2021-04-26,245
75,NAQ,87,2,2021-04-26,3661
44,GES,88,1,2021-01-18,2307
44,GES,88,2,2021-01-18,1
44,GES,88,1,2021-01-25,1137
44,GES,88,2,2021-01-25,191
44,GES,88,1,2021-02-01,1908
44,GES,88,2,2021-02-01,1162
44,GES,88,1,2021-02-08,1875
44,GES,88,2,2021-02-08,1183
44,GES,88,1,2021-02-15,1898
44,GES,88,2,2021-02-15,1691
44,GES,88,1,2021-02-22,1679
44,GES,88,2,2021-02-22,1386
44,GES,88,1,2021-03-01,2930
44,GES,88,2,2021-03-01,2034
44,GES,88,1,2021-03-08,3002
44,GES,88,2,2021-03-08,1938
44,GES,88,1,2021-03-15,5272
44,GES,88,2,2021-03-15,1689
44,GES,88,1,2021-03-22,6648
44,GES,88,2,2021-03-22,1634
44,GES,88,1,2021-03-29,6627
44,GES,88,2,2021-03-29,2058
44,GES,88,1,2021-04-05,4173
44,GES,88,2,2021-04-05,2780
44,GES,88,1,2021-04-12,2412
44,GES,88,2,2021-04-12,5335
44,GES,88,1,2021-04-19,1095
44,GES,88,2,2021-04-19,6667
44,GES,88,1,2021-04-26,1001
44,GES,88,2,2021-04-26,5934
27,BFC,89,1,2021-01-18,1351
27,BFC,89,1,2021-01-25,1475
27,BFC,89,2,2021-01-25,67
27,BFC,89,1,2021-02-01,1136
27,BFC,89,2,2021-02-01,419
27,BFC,89,1,2021-02-08,966
27,BFC,89,2,2021-02-08,583
27,BFC,89,1,2021-02-15,692
27,BFC,89,2,2021-02-15,1848
27,BFC,89,1,2021-02-22,722
27,BFC,89,2,2021-02-22,1892
27,BFC,89,1,2021-03-01,2612
27,BFC,89,2,2021-03-01,1522
27,BFC,89,1,2021-03-08,3070
27,BFC,89,2,2021-03-08,1090
27,BFC,89,1,2021-03-15,4139
27,BFC,89,2,2021-03-15,777
27,BFC,89,1,2021-03-22,7345
27,BFC,89,2,2021-03-22,714
27,BFC,89,1,2021-03-29,6680
27,BFC,89,2,2021-03-29,2285
27,BFC,89,1,2021-04-05,3298
27,BFC,89,2,2021-04-05,2754
27,BFC,89,1,2021-04-12,1435
27,BFC,89,2,2021-04-12,4475
27,BFC,89,1,2021-04-19,605
27,BFC,89,2,2021-04-19,6878
27,BFC,89,1,2021-04-26,1085
27,BFC,89,2,2021-04-26,6195
27,BFC,90,1,2021-01-18,2372
27,BFC,90,1,2021-01-25,1705
27,BFC,90,2,2021-01-25,164
27,BFC,90,1,2021-02-01,1032
27,BFC,90,2,2021-02-01,580
27,BFC,90,1,2021-02-08,654
27,BFC,90,2,2021-02-08,404
27,BFC,90,1,2021-02-15,313
27,BFC,90,2,2021-02-15,1145
27,BFC,90,1,2021-02-22,193
27,BFC,90,2,2021-02-22,1768
27,BFC,90,1,2021-03-01,766
27,BFC,90,2,2021-03-01,1219
27,BFC,90,1,2021-03-08,1141
27,BFC,90,2,2021-03-08,425
27,BFC,90,1,2021-03-15,1150
27,BFC,90,2,2021-03-15,87
27,BFC,90,1,2021-03-22,2567
27,BFC,90,2,2021-03-22,65
27,BFC,90,1,2021-03-29,1973
27,BFC,90,2,2021-03-29,399
27,BFC,90,1,2021-04-05,914
27,BFC,90,2,2021-04-05,862
27,BFC,90,1,2021-04-12,900
27,BFC,90,2,2021-04-12,1270
27,BFC,90,1,2021-04-19,830
27,BFC,90,2,2021-04-19,2705
27,BFC,90,1,2021-04-26,392
27,BFC,90,2,2021-04-26,1960
11,IDF,91,1,2021-01-18,5645
11,IDF,91,2,2021-01-18,4
11,IDF,91,1,2021-01-25,4884
11,IDF,91,2,2021-01-25,39
11,IDF,91,1,2021-02-01,4744
11,IDF,91,2,2021-02-01,926
11,IDF,91,1,2021-02-08,3973
11,IDF,91,2,2021-02-08,1815
11,IDF,91,1,2021-02-15,1704
11,IDF,91,2,2021-02-15,5301
11,IDF,91,1,2021-02-22,2061
11,IDF,91,2,2021-02-22,4733
11,IDF,91,1,2021-03-01,11248
11,IDF,91,2,2021-03-01,4820
11,IDF,91,1,2021-03-08,10538
11,IDF,91,2,2021-03-08,3303
11,IDF,91,1,2021-03-15,11953
11,IDF,91,2,2021-03-15,1138
11,IDF,91,1,2021-03-22,14947
11,IDF,91,2,2021-03-22,2119
11,IDF,91,1,2021-03-29,10594
11,IDF,91,2,2021-03-29,10414
11,IDF,91,1,2021-04-05,6037
11,IDF,91,2,2021-04-05,9098
11,IDF,91,1,2021-04-12,2275
11,IDF,91,2,2021-04-12,11609
11,IDF,91,1,2021-04-19,793
11,IDF,91,2,2021-04-19,15455
11,IDF,91,1,2021-04-26,764
11,IDF,91,2,2021-04-26,8689
11,IDF,92,1,2021-01-18,5605
11,IDF,92,2,2021-01-18,4
11,IDF,92,1,2021-01-25,5483
11,IDF,92,2,2021-01-25,177
11,IDF,92,1,2021-02-01,5335
11,IDF,92,2,2021-02-01,200
11,IDF,92,1,2021-02-08,3277
11,IDF,92,2,2021-02-08,743
11,IDF,92,1,2021-02-15,1745
11,IDF,92,2,2021-02-15,5591
11,IDF,92,1,2021-02-22,1800
11,IDF,92,2,2021-02-22,5399
11,IDF,92,1,2021-03-01,11546
11,IDF,92,2,2021-03-01,5363
11,IDF,92,1,2021-03-08,11216
11,IDF,92,2,2021-03-08,3167
11,IDF,92,1,2021-03-15,16457
11,IDF,92,2,2021-03-15,1578
11,IDF,92,1,2021-03-22,19905
11,IDF,92,2,2021-03-22,1838
11,IDF,92,1,2021-03-29,16189
11,IDF,92,2,2021-03-29,11258
11,IDF,92,1,2021-04-05,3919
11,IDF,92,2,2021-04-05,9456
11,IDF,92,1,2021-04-12,845
11,IDF,92,2,2021-04-12,17156
11,IDF,92,1,2021-04-19,620
11,IDF,92,2,2021-04-19,19134
11,IDF,92,1,2021-04-26,305
11,IDF,92,2,2021-04-26,15726
11,IDF,93,1,2021-01-18,5313
11,IDF,93,2,2021-01-18,3
11,IDF,93,1,2021-01-25,5623
11,IDF,93,2,2021-01-25,70
11,IDF,93,1,2021-02-01,5737
11,IDF,93,2,2021-02-01,554
11,IDF,93,1,2021-02-08,4342
11,IDF,93,2,2021-02-08,1239
11,IDF,93,1,2021-02-15,2290
11,IDF,93,2,2021-02-15,5452
11,IDF,93,1,2021-02-22,2751
11,IDF,93,2,2021-02-22,5650
11,IDF,93,1,2021-03-01,16231
11,IDF,93,2,2021-03-01,5654
11,IDF,93,1,2021-03-08,13366
11,IDF,93,2,2021-03-08,4608
11,IDF,93,1,2021-03-15,17850
11,IDF,93,2,2021-03-15,2157
11,IDF,93,1,2021-03-22,21738
11,IDF,93,2,2021-03-22,2459
11,IDF,93,1,2021-03-29,14221
11,IDF,93,2,2021-03-29,11877
11,IDF,93,1,2021-04-05,6355
11,IDF,93,2,2021-04-05,12987
11,IDF,93,1,2021-04-12,1978
11,IDF,93,2,2021-04-12,17787
11,IDF,93,1,2021-04-19,595
11,IDF,93,2,2021-04-19,19434
11,IDF,93,1,2021-04-26,360
11,IDF,93,2,2021-04-26,12554
11,IDF,94,1,2021-01-18,3292
11,IDF,94,2,2021-01-18,4
11,IDF,94,1,2021-01-25,3815
11,IDF,94,2,2021-01-25,47
11,IDF,94,1,2021-02-01,3112
11,IDF,94,2,2021-02-01,352
11,IDF,94,1,2021-02-08,2682
11,IDF,94,2,2021-02-08,830
11,IDF,94,1,2021-02-15,1312
11,IDF,94,2,2021-02-15,3658
11,IDF,94,1,2021-02-22,1767
11,IDF,94,2,2021-02-22,3985
11,IDF,94,1,2021-03-01,7608
11,IDF,94,2,2021-03-01,3209
11,IDF,94,1,2021-03-08,7623
11,IDF,94,2,2021-03-08,2620
11,IDF,94,1,2021-03-15,11117
11,IDF,94,2,2021-03-15,1208
11,IDF,94,1,2021-03-22,13596
11,IDF,94,2,2021-03-22,1644
11,IDF,94,1,2021-03-29,12602
11,IDF,94,2,2021-03-29,7091
11,IDF,94,1,2021-04-05,5087
11,IDF,94,2,2021-04-05,8021
11,IDF,94,1,2021-04-12,1975
11,IDF,94,2,2021-04-12,11247
11,IDF,94,1,2021-04-19,1050
11,IDF,94,2,2021-04-19,13222
11,IDF,94,1,2021-04-26,672
11,IDF,94,2,2021-04-26,11550
11,IDF,95,1,2021-01-18,4563
11,IDF,95,2,2021-01-18,13
11,IDF,95,1,2021-01-25,4273
11,IDF,95,2,2021-01-25,300
11,IDF,95,1,2021-02-01,3598
11,IDF,95,2,2021-02-01,1614
11,IDF,95,1,2021-02-08,4285
11,IDF,95,2,2021-02-08,2023
11,IDF,95,1,2021-02-15,2199
11,IDF,95,2,2021-02-15,4902
11,IDF,95,1,2021-02-22,1903
11,IDF,95,2,2021-02-22,4773
11,IDF,95,1,2021-03-01,11209
11,IDF,95,2,2021-03-01,3749
11,IDF,95,1,2021-03-08,10215
11,IDF,95,2,2021-03-08,3464
11,IDF,95,1,2021-03-15,11881
11,IDF,95,2,2021-03-15,1502
11,IDF,95,1,2021-03-22,17673
11,IDF,95,2,2021-03-22,1651
11,IDF,95,1,2021-03-29,13570
11,IDF,95,2,2021-03-29,10026
11,IDF,95,1,2021-04-05,3976
11,IDF,95,2,2021-04-05,9181
11,IDF,95,1,2021-04-12,1965
11,IDF,95,2,2021-04-12,12744
11,IDF,95,1,2021-04-19,1038
11,IDF,95,2,2021-04-19,17540
11,IDF,95,1,2021-04-26,448
11,IDF,95,2,2021-04-26,12182
01,GDP,971,1,2021-01-18,304
01,GDP,971,1,2021-01-25,543
01,GDP,971,2,2021-01-25,24
01,GDP,971,1,2021-02-01,1007
01,GDP,971,2,2021-02-01,185
01,GDP,971,1,2021-02-08,952
01,GDP,971,2,2021-02-08,354
01,GDP,971,1,2021-02-15,552
01,GDP,971,2,2021-02-15,204
01,GDP,971,1,2021-02-22,1257
01,GDP,971,2,2021-02-22,640
01,GDP,971,1,2021-03-01,1287
01,GDP,971,2,2021-03-01,846
01,GDP,971,1,2021-03-08,1096
01,GDP,971,2,2021-03-08,958
01,GDP,971,1,2021-03-15,2009
01,GDP,971,2,2021-03-15,634
01,GDP,971,1,2021-03-22,1378
01,GDP,971,2,2021-03-22,1224
01,GDP,971,1,2021-03-29,1204
01,GDP,971,2,2021-03-29,1123
01,GDP,971,1,2021-04-05,1077
01,GDP,971,2,2021-04-05,1288
01,GDP,971,1,2021-04-12,620
01,GDP,971,2,2021-04-12,2013
01,GDP,971,1,2021-04-19,338
01,GDP,971,2,2021-04-19,1923
01,GDP,971,1,2021-04-26,99
01,GDP,971,2,2021-04-26,1298
02,MAR,972,1,2021-01-18,676
02,MAR,972,2,2021-01-18,14
02,MAR,972,1,2021-01-25,741
02,MAR,972,2,2021-01-25,88
02,MAR,972,1,2021-02-01,575
02,MAR,972,2,2021-02-01,318
02,MAR,972,1,2021-02-08,653
02,MAR,972,2,2021-02-08,424
02,MAR,972,1,2021-02-15,189
02,MAR,972,2,2021-02-15,373
02,MAR,972,1,2021-02-22,405
02,MAR,972,2,2021-02-22,817
02,MAR,972,1,2021-03-01,677
02,MAR,972,2,2021-03-01,614
02,MAR,972,1,2021-03-08,882
02,MAR,972,2,2021-03-08,469
02,MAR,972,1,2021-03-15,1224
02,MAR,972,2,2021-03-15,254
02,MAR,972,1,2021-03-22,1030
02,MAR,972,2,2021-03-22,469
02,MAR,972,1,2021-03-29,1768
02,MAR,972,2,2021-03-29,613
02,MAR,972,1,2021-04-05,696
02,MAR,972,2,2021-04-05,892
02,MAR,972,1,2021-04-12,329
02,MAR,972,2,2021-04-12,1109
02,MAR,972,1,2021-04-19,619
02,MAR,972,2,2021-04-19,1091
02,MAR,972,1,2021-04-26,682
02,MAR,972,2,2021-04-26,1368
03,GUY,973,1,2021-01-18,418
03,GUY,973,2,2021-01-18,3
03,GUY,973,1,2021-01-25,392
03,GUY,973,2,2021-01-25,3
03,GUY,973,1,2021-02-01,404
03,GUY,973,2,2021-02-01,39
03,GUY,973,1,2021-02-08,388
03,GUY,973,2,2021-02-08,240
03,GUY,973,1,2021-02-15,425
03,GUY,973,2,2021-02-15,438
03,GUY,973,1,2021-02-22,1011
03,GUY,973,2,2021-02-22,423
03,GUY,973,1,2021-03-01,1324
03,GUY,973,2,2021-03-01,399
03,GUY,973,1,2021-03-08,1395
03,GUY,973,2,2021-03-08,374
03,GUY,973,1,2021-03-15,1283
03,GUY,973,2,2021-03-15,564
03,GUY,973,1,2021-03-22,984
03,GUY,973,2,2021-03-22,1037
03,GUY,973,1,2021-03-29,1260
03,GUY,973,2,2021-03-29,1359
03,GUY,973,1,2021-04-05,1710
03,GUY,973,2,2021-04-05,1259
03,GUY,973,1,2021-04-12,2018
03,GUY,973,2,2021-04-12,1256
03,GUY,973,1,2021-04-19,1885
03,GUY,973,2,2021-04-19,978
03,GUY,973,1,2021-04-26,466
03,GUY,973,2,2021-04-26,781
04,REU,974,1,2021-01-18,299
04,REU,974,2,2021-01-18,2
04,REU,974,1,2021-01-25,1732
04,REU,974,2,2021-01-25,2
04,REU,974,1,2021-02-01,2650
04,REU,974,2,2021-02-01,23
04,REU,974,1,2021-02-08,3236
04,REU,974,2,2021-02-08,33
04,REU,974,1,2021-02-15,2571
04,REU,974,2,2021-02-15,661
04,REU,974,1,2021-02-22,2213
04,REU,974,2,2021-02-22,1298
04,REU,974,1,2021-03-01,2733
04,REU,974,2,2021-03-01,2042
04,REU,974,1,2021-03-08,2693
04,REU,974,2,2021-03-08,2672
04,REU,974,1,2021-03-15,3107
04,REU,974,2,2021-03-15,2230
04,REU,974,1,2021-03-22,3669
04,REU,974,2,2021-03-22,1869
04,REU,974,1,2021-03-29,3894
04,REU,974,2,2021-03-29,2089
04,REU,974,1,2021-04-05,4242
04,REU,974,2,2021-04-05,2140
04,REU,974,1,2021-04-12,4701
04,REU,974,2,2021-04-12,2332
04,REU,974,1,2021-04-19,1828
04,REU,974,2,2021-04-19,2877
04,REU,974,1,2021-04-26,770
04,REU,974,2,2021-04-26,2450
